Date,State,Gender,Legal,Count
2005-03-01,ACT,Female,Remanded,2
2005-06-01,ACT,Female,Remanded,4
2005-09-01,ACT,Female,Remanded,1
2005-12-01,ACT,Female,Remanded,4
2006-03-01,ACT,Female,Remanded,4
2006-06-01,ACT,Female,Remanded,6
2006-09-01,ACT,Female,Remanded,9
2006-12-01,ACT,Female,Remanded,6
2007-03-01,ACT,Female,Remanded,4
2007-06-01,ACT,Female,Remanded,4
2007-09-01,ACT,Female,Remanded,5
2007-12-01,ACT,Female,Remanded,5
2008-03-01,ACT,Female,Remanded,10
2008-06-01,ACT,Female,Remanded,7
2008-09-01,ACT,Female,Remanded,9
2008-12-01,ACT,Female,Remanded,9
2009-03-01,ACT,Female,Remanded,10
2009-06-01,ACT,Female,Remanded,7
2009-09-01,ACT,Female,Remanded,3
2009-12-01,ACT,Female,Remanded,7
2010-03-01,ACT,Female,Remanded,7
2010-06-01,ACT,Female,Remanded,11
2010-09-01,ACT,Female,Remanded,9
2010-12-01,ACT,Female,Remanded,7
2011-03-01,ACT,Female,Remanded,8
2011-06-01,ACT,Female,Remanded,5
2011-09-01,ACT,Female,Remanded,7
2011-12-01,ACT,Female,Remanded,4
2012-03-01,ACT,Female,Remanded,4
2012-06-01,ACT,Female,Remanded,3
2012-09-01,ACT,Female,Remanded,3
2012-12-01,ACT,Female,Remanded,4
2013-03-01,ACT,Female,Remanded,4
2013-06-01,ACT,Female,Remanded,5
2013-09-01,ACT,Female,Remanded,4
2013-12-01,ACT,Female,Remanded,6
2014-03-01,ACT,Female,Remanded,5
2014-06-01,ACT,Female,Remanded,5
2014-09-01,ACT,Female,Remanded,5
2014-12-01,ACT,Female,Remanded,5
2015-03-01,ACT,Female,Remanded,7
2015-06-01,ACT,Female,Remanded,8
2015-09-01,ACT,Female,Remanded,6
2015-12-01,ACT,Female,Remanded,11
2016-03-01,ACT,Female,Remanded,13
2016-06-01,ACT,Female,Remanded,11
2016-09-01,ACT,Female,Remanded,11
2016-12-01,ACT,Female,Remanded,12
2005-03-01,ACT,Female,Sentenced,5
2005-06-01,ACT,Female,Sentenced,6
2005-09-01,ACT,Female,Sentenced,5
2005-12-01,ACT,Female,Sentenced,8
2006-03-01,ACT,Female,Sentenced,9
2006-06-01,ACT,Female,Sentenced,9
2006-09-01,ACT,Female,Sentenced,4
2006-12-01,ACT,Female,Sentenced,6
2007-03-01,ACT,Female,Sentenced,5
2007-06-01,ACT,Female,Sentenced,4
2007-09-01,ACT,Female,Sentenced,6
2007-12-01,ACT,Female,Sentenced,7
2008-03-01,ACT,Female,Sentenced,9
2008-06-01,ACT,Female,Sentenced,8
2008-09-01,ACT,Female,Sentenced,3
2008-12-01,ACT,Female,Sentenced,5
2009-03-01,ACT,Female,Sentenced,3
2009-06-01,ACT,Female,Sentenced,11
2009-09-01,ACT,Female,Sentenced,11
2009-12-01,ACT,Female,Sentenced,6
2010-03-01,ACT,Female,Sentenced,6
2010-06-01,ACT,Female,Sentenced,8
2010-09-01,ACT,Female,Sentenced,5
2010-12-01,ACT,Female,Sentenced,5
2011-03-01,ACT,Female,Sentenced,7
2011-06-01,ACT,Female,Sentenced,9
2011-09-01,ACT,Female,Sentenced,6
2011-12-01,ACT,Female,Sentenced,3
2012-03-01,ACT,Female,Sentenced,6
2012-06-01,ACT,Female,Sentenced,8
2012-09-01,ACT,Female,Sentenced,11
2012-12-01,ACT,Female,Sentenced,11
2013-03-01,ACT,Female,Sentenced,8
2013-06-01,ACT,Female,Sentenced,7
2013-09-01,ACT,Female,Sentenced,10
2013-12-01,ACT,Female,Sentenced,11
2014-03-01,ACT,Female,Sentenced,9
2014-06-01,ACT,Female,Sentenced,15
2014-09-01,ACT,Female,Sentenced,13
2014-12-01,ACT,Female,Sentenced,11
2015-03-01,ACT,Female,Sentenced,14
2015-06-01,ACT,Female,Sentenced,12
2015-09-01,ACT,Female,Sentenced,11
2015-12-01,ACT,Female,Sentenced,8
2016-03-01,ACT,Female,Sentenced,13
2016-06-01,ACT,Female,Sentenced,16
2016-09-01,ACT,Female,Sentenced,17
2016-12-01,ACT,Female,Sentenced,14
2005-03-01,ACT,Male,Remanded,65
2005-06-01,ACT,Male,Remanded,66
2005-09-01,ACT,Male,Remanded,63
2005-12-01,ACT,Male,Remanded,63
2006-03-01,ACT,Male,Remanded,60
2006-06-01,ACT,Male,Remanded,65
2006-09-01,ACT,Male,Remanded,52
2006-12-01,ACT,Male,Remanded,58
2007-03-01,ACT,Male,Remanded,59
2007-06-01,ACT,Male,Remanded,59
2007-09-01,ACT,Male,Remanded,62
2007-12-01,ACT,Male,Remanded,68
2008-03-01,ACT,Male,Remanded,73
2008-06-01,ACT,Male,Remanded,79
2008-09-01,ACT,Male,Remanded,83
2008-12-01,ACT,Male,Remanded,98
2009-03-01,ACT,Male,Remanded,102
2009-06-01,ACT,Male,Remanded,64
2009-09-01,ACT,Male,Remanded,56
2009-12-01,ACT,Male,Remanded,66
2010-03-01,ACT,Male,Remanded,80
2010-06-01,ACT,Male,Remanded,81
2010-09-01,ACT,Male,Remanded,71
2010-12-01,ACT,Male,Remanded,73
2011-03-01,ACT,Male,Remanded,85
2011-06-01,ACT,Male,Remanded,87
2011-09-01,ACT,Male,Remanded,70
2011-12-01,ACT,Male,Remanded,74
2012-03-01,ACT,Male,Remanded,94
2012-06-01,ACT,Male,Remanded,92
2012-09-01,ACT,Male,Remanded,91
2012-12-01,ACT,Male,Remanded,86
2013-03-01,ACT,Male,Remanded,77
2013-06-01,ACT,Male,Remanded,75
2013-09-01,ACT,Male,Remanded,89
2013-12-01,ACT,Male,Remanded,75
2014-03-01,ACT,Male,Remanded,77
2014-06-01,ACT,Male,Remanded,92
2014-09-01,ACT,Male,Remanded,82
2014-12-01,ACT,Male,Remanded,88
2015-03-01,ACT,Male,Remanded,92
2015-06-01,ACT,Male,Remanded,113
2015-09-01,ACT,Male,Remanded,109
2015-12-01,ACT,Male,Remanded,116
2016-03-01,ACT,Male,Remanded,117
2016-06-01,ACT,Male,Remanded,127
2016-09-01,ACT,Male,Remanded,133
2016-12-01,ACT,Male,Remanded,143
2005-03-01,ACT,Male,Sentenced,106
2005-06-01,ACT,Male,Sentenced,107
2005-09-01,ACT,Male,Sentenced,118
2005-12-01,ACT,Male,Sentenced,129
2006-03-01,ACT,Male,Sentenced,117
2006-06-01,ACT,Male,Sentenced,110
2006-09-01,ACT,Male,Sentenced,100
2006-12-01,ACT,Male,Sentenced,109
2007-03-01,ACT,Male,Sentenced,104
2007-06-01,ACT,Male,Sentenced,93
2007-09-01,ACT,Male,Sentenced,93
2007-12-01,ACT,Male,Sentenced,95
2008-03-01,ACT,Male,Sentenced,94
2008-06-01,ACT,Male,Sentenced,84
2008-09-01,ACT,Male,Sentenced,65
2008-12-01,ACT,Male,Sentenced,61
2009-03-01,ACT,Male,Sentenced,45
2009-06-01,ACT,Male,Sentenced,88
2009-09-01,ACT,Male,Sentenced,92
2009-12-01,ACT,Male,Sentenced,97
2010-03-01,ACT,Male,Sentenced,101
2010-06-01,ACT,Male,Sentenced,116
2010-09-01,ACT,Male,Sentenced,129
2010-12-01,ACT,Male,Sentenced,133
2011-03-01,ACT,Male,Sentenced,133
2011-06-01,ACT,Male,Sentenced,137
2011-09-01,ACT,Male,Sentenced,157
2011-12-01,ACT,Male,Sentenced,154
2012-03-01,ACT,Male,Sentenced,161
2012-06-01,ACT,Male,Sentenced,172
2012-09-01,ACT,Male,Sentenced,168
2012-12-01,ACT,Male,Sentenced,171
2013-03-01,ACT,Male,Sentenced,153
2013-06-01,ACT,Male,Sentenced,172
2013-09-01,ACT,Male,Sentenced,208
2013-12-01,ACT,Male,Sentenced,242
2014-03-01,ACT,Male,Sentenced,239
2014-06-01,ACT,Male,Sentenced,222
2014-09-01,ACT,Male,Sentenced,229
2014-12-01,ACT,Male,Sentenced,239
2015-03-01,ACT,Male,Sentenced,218
2015-06-01,ACT,Male,Sentenced,219
2015-09-01,ACT,Male,Sentenced,240
2015-12-01,ACT,Male,Sentenced,264
2016-03-01,ACT,Male,Sentenced,270
2016-06-01,ACT,Male,Sentenced,254
2016-09-01,ACT,Male,Sentenced,267
2016-12-01,ACT,Male,Sentenced,268
2005-03-01,NSW,Female,Remanded,182
2005-06-01,NSW,Female,Remanded,191
2005-09-01,NSW,Female,Remanded,186
2005-12-01,NSW,Female,Remanded,172
2006-03-01,NSW,Female,Remanded,191
2006-06-01,NSW,Female,Remanded,194
2006-09-01,NSW,Female,Remanded,202
2006-12-01,NSW,Female,Remanded,218
2007-03-01,NSW,Female,Remanded,217
2007-06-01,NSW,Female,Remanded,209
2007-09-01,NSW,Female,Remanded,211
2007-12-01,NSW,Female,Remanded,199
2008-03-01,NSW,Female,Remanded,199
2008-06-01,NSW,Female,Remanded,208
2008-09-01,NSW,Female,Remanded,201
2008-12-01,NSW,Female,Remanded,208
2009-03-01,NSW,Female,Remanded,234
2009-06-01,NSW,Female,Remanded,236
2009-09-01,NSW,Female,Remanded,222
2009-12-01,NSW,Female,Remanded,207
2010-03-01,NSW,Female,Remanded,217
2010-06-01,NSW,Female,Remanded,217
2010-09-01,NSW,Female,Remanded,193
2010-12-01,NSW,Female,Remanded,193
2011-03-01,NSW,Female,Remanded,192
2011-06-01,NSW,Female,Remanded,201
2011-09-01,NSW,Female,Remanded,201
2011-12-01,NSW,Female,Remanded,193
2012-03-01,NSW,Female,Remanded,208
2012-06-01,NSW,Female,Remanded,204
2012-09-01,NSW,Female,Remanded,216
2012-12-01,NSW,Female,Remanded,214
2013-03-01,NSW,Female,Remanded,231
2013-06-01,NSW,Female,Remanded,227
2013-09-01,NSW,Female,Remanded,232
2013-12-01,NSW,Female,Remanded,239
2014-03-01,NSW,Female,Remanded,262
2014-06-01,NSW,Female,Remanded,267
2014-09-01,NSW,Female,Remanded,221
2014-12-01,NSW,Female,Remanded,223
2015-03-01,NSW,Female,Remanded,298
2015-06-01,NSW,Female,Remanded,303
2015-09-01,NSW,Female,Remanded,305
2015-12-01,NSW,Female,Remanded,305
2016-03-01,NSW,Female,Remanded,349
2016-06-01,NSW,Female,Remanded,414
2016-09-01,NSW,Female,Remanded,425
2016-12-01,NSW,Female,Remanded,426
2005-03-01,NSW,Female,Sentenced,468
2005-06-01,NSW,Female,Sentenced,461
2005-09-01,NSW,Female,Sentenced,437
2005-12-01,NSW,Female,Sentenced,457
2006-03-01,NSW,Female,Sentenced,452
2006-06-01,NSW,Female,Sentenced,463
2006-09-01,NSW,Female,Sentenced,484
2006-12-01,NSW,Female,Sentenced,476
2007-03-01,NSW,Female,Sentenced,463
2007-06-01,NSW,Female,Sentenced,488
2007-09-01,NSW,Female,Sentenced,470
2007-12-01,NSW,Female,Sentenced,467
2008-03-01,NSW,Female,Sentenced,443
2008-06-01,NSW,Female,Sentenced,485
2008-09-01,NSW,Female,Sentenced,514
2008-12-01,NSW,Female,Sentenced,524
2009-03-01,NSW,Female,Sentenced,511
2009-06-01,NSW,Female,Sentenced,531
2009-09-01,NSW,Female,Sentenced,546
2009-12-01,NSW,Female,Sentenced,562
2010-03-01,NSW,Female,Sentenced,540
2010-06-01,NSW,Female,Sentenced,558
2010-09-01,NSW,Female,Sentenced,555
2010-12-01,NSW,Female,Sentenced,545
2011-03-01,NSW,Female,Sentenced,501
2011-06-01,NSW,Female,Sentenced,488
2011-09-01,NSW,Female,Sentenced,487
2011-12-01,NSW,Female,Sentenced,455
2012-03-01,NSW,Female,Sentenced,438
2012-06-01,NSW,Female,Sentenced,436
2012-09-01,NSW,Female,Sentenced,439
2012-12-01,NSW,Female,Sentenced,439
2013-03-01,NSW,Female,Sentenced,449
2013-06-01,NSW,Female,Sentenced,467
2013-09-01,NSW,Female,Sentenced,460
2013-12-01,NSW,Female,Sentenced,460
2014-03-01,NSW,Female,Sentenced,477
2014-06-01,NSW,Female,Sentenced,498
2014-09-01,NSW,Female,Sentenced,502
2014-12-01,NSW,Female,Sentenced,497
2015-03-01,NSW,Female,Sentenced,493
2015-06-01,NSW,Female,Sentenced,543
2015-09-01,NSW,Female,Sentenced,575
2015-12-01,NSW,Female,Sentenced,570
2016-03-01,NSW,Female,Sentenced,552
2016-06-01,NSW,Female,Sentenced,526
2016-09-01,NSW,Female,Sentenced,542
2016-12-01,NSW,Female,Sentenced,587
2005-03-01,NSW,Male,Remanded,1972
2005-06-01,NSW,Male,Remanded,1975
2005-09-01,NSW,Male,Remanded,1844
2005-12-01,NSW,Male,Remanded,1860
2006-03-01,NSW,Male,Remanded,1967
2006-06-01,NSW,Male,Remanded,2005
2006-09-01,NSW,Male,Remanded,2031
2006-12-01,NSW,Male,Remanded,2074
2007-03-01,NSW,Male,Remanded,2154
2007-06-01,NSW,Male,Remanded,2173
2007-09-01,NSW,Male,Remanded,2167
2007-12-01,NSW,Male,Remanded,2272
2008-03-01,NSW,Male,Remanded,2354
2008-06-01,NSW,Male,Remanded,2363
2008-09-01,NSW,Male,Remanded,2322
2008-12-01,NSW,Male,Remanded,2324
2009-03-01,NSW,Male,Remanded,2491
2009-06-01,NSW,Male,Remanded,2477
2009-09-01,NSW,Male,Remanded,2484
2009-12-01,NSW,Male,Remanded,2389
2010-03-01,NSW,Male,Remanded,2519
2010-06-01,NSW,Male,Remanded,2561
2010-09-01,NSW,Male,Remanded,2398
2010-12-01,NSW,Male,Remanded,2330
2011-03-01,NSW,Male,Remanded,2564
2011-06-01,NSW,Male,Remanded,2665
2011-09-01,NSW,Male,Remanded,2569
2011-12-01,NSW,Male,Remanded,2511
2012-03-01,NSW,Male,Remanded,2523
2012-06-01,NSW,Male,Remanded,2454
2012-09-01,NSW,Male,Remanded,2371
2012-12-01,NSW,Male,Remanded,2498
2013-03-01,NSW,Male,Remanded,2635
2013-06-01,NSW,Male,Remanded,2694
2013-09-01,NSW,Male,Remanded,2620
2013-12-01,NSW,Male,Remanded,2656
2014-03-01,NSW,Male,Remanded,2901
2014-06-01,NSW,Male,Remanded,2936
2014-09-01,NSW,Male,Remanded,2594
2014-12-01,NSW,Male,Remanded,2639
2015-03-01,NSW,Male,Remanded,3124
2015-06-01,NSW,Male,Remanded,3278
2015-09-01,NSW,Male,Remanded,3431
2015-12-01,NSW,Male,Remanded,3490
2016-03-01,NSW,Male,Remanded,3749
2016-06-01,NSW,Male,Remanded,3850
2016-09-01,NSW,Male,Remanded,3829
2016-12-01,NSW,Male,Remanded,3873
2005-03-01,NSW,Male,Sentenced,6396
2005-06-01,NSW,Male,Sentenced,6472
2005-09-01,NSW,Male,Sentenced,6540
2005-12-01,NSW,Male,Sentenced,6502
2006-03-01,NSW,Male,Sentenced,6493
2006-06-01,NSW,Male,Sentenced,6594
2006-09-01,NSW,Male,Sentenced,6571
2006-12-01,NSW,Male,Sentenced,6661
2007-03-01,NSW,Male,Sentenced,6664
2007-06-01,NSW,Male,Sentenced,6761
2007-09-01,NSW,Male,Sentenced,6746
2007-12-01,NSW,Male,Sentenced,6622
2008-03-01,NSW,Male,Sentenced,6606
2008-06-01,NSW,Male,Sentenced,6703
2008-09-01,NSW,Male,Sentenced,6903
2008-12-01,NSW,Male,Sentenced,6875
2009-03-01,NSW,Male,Sentenced,6855
2009-06-01,NSW,Male,Sentenced,7142
2009-09-01,NSW,Male,Sentenced,7147
2009-12-01,NSW,Male,Sentenced,7190
2010-03-01,NSW,Male,Sentenced,7006
2010-06-01,NSW,Male,Sentenced,7091
2010-09-01,NSW,Male,Sentenced,7090
2010-12-01,NSW,Male,Sentenced,7032
2011-03-01,NSW,Male,Sentenced,6749
2011-06-01,NSW,Male,Sentenced,6763
2011-09-01,NSW,Male,Sentenced,6707
2011-12-01,NSW,Male,Sentenced,6648
2012-03-01,NSW,Male,Sentenced,6549
2012-06-01,NSW,Male,Sentenced,6628
2012-09-01,NSW,Male,Sentenced,6613
2012-12-01,NSW,Male,Sentenced,6569
2013-03-01,NSW,Male,Sentenced,6544
2013-06-01,NSW,Male,Sentenced,6642
2013-09-01,NSW,Male,Sentenced,6757
2013-12-01,NSW,Male,Sentenced,6925
2014-03-01,NSW,Male,Sentenced,6940
2014-06-01,NSW,Male,Sentenced,7205
2014-09-01,NSW,Male,Sentenced,7254
2014-12-01,NSW,Male,Sentenced,7231
2015-03-01,NSW,Male,Sentenced,7190
2015-06-01,NSW,Male,Sentenced,7493
2015-09-01,NSW,Male,Sentenced,7595
2015-12-01,NSW,Male,Sentenced,7815
2016-03-01,NSW,Male,Sentenced,7742
2016-06-01,NSW,Male,Sentenced,7853
2016-09-01,NSW,Male,Sentenced,7927
2016-12-01,NSW,Male,Sentenced,7919
2005-03-01,NT,Female,Remanded,13
2005-06-01,NT,Female,Remanded,10
2005-09-01,NT,Female,Remanded,8
2005-12-01,NT,Female,Remanded,10
2006-03-01,NT,Female,Remanded,12
2006-06-01,NT,Female,Remanded,13
2006-09-01,NT,Female,Remanded,11
2006-12-01,NT,Female,Remanded,7
2007-03-01,NT,Female,Remanded,11
2007-06-01,NT,Female,Remanded,12
2007-09-01,NT,Female,Remanded,9
2007-12-01,NT,Female,Remanded,8
2008-03-01,NT,Female,Remanded,11
2008-06-01,NT,Female,Remanded,10
2008-09-01,NT,Female,Remanded,16
2008-12-01,NT,Female,Remanded,15
2009-03-01,NT,Female,Remanded,15
2009-06-01,NT,Female,Remanded,16
2009-09-01,NT,Female,Remanded,9
2009-12-01,NT,Female,Remanded,12
2010-03-01,NT,Female,Remanded,15
2010-06-01,NT,Female,Remanded,12
2010-09-01,NT,Female,Remanded,13
2010-12-01,NT,Female,Remanded,9
2011-03-01,NT,Female,Remanded,15
2011-06-01,NT,Female,Remanded,20
2011-09-01,NT,Female,Remanded,18
2011-12-01,NT,Female,Remanded,21
2012-03-01,NT,Female,Remanded,19
2012-06-01,NT,Female,Remanded,29
2012-09-01,NT,Female,Remanded,30
2012-12-01,NT,Female,Remanded,23
2013-03-01,NT,Female,Remanded,31
2013-06-01,NT,Female,Remanded,26
2013-09-01,NT,Female,Remanded,31
2013-12-01,NT,Female,Remanded,36
2014-03-01,NT,Female,Remanded,48
2014-06-01,NT,Female,Remanded,37
2014-09-01,NT,Female,Remanded,43
2014-12-01,NT,Female,Remanded,41
2015-03-01,NT,Female,Remanded,53
2015-06-01,NT,Female,Remanded,50
2015-09-01,NT,Female,Remanded,43
2015-12-01,NT,Female,Remanded,51
2016-03-01,NT,Female,Remanded,50
2016-06-01,NT,Female,Remanded,40
2016-09-01,NT,Female,Remanded,43
2016-12-01,NT,Female,Remanded,38
2005-03-01,NT,Female,Sentenced,12
2005-06-01,NT,Female,Sentenced,18
2005-09-01,NT,Female,Sentenced,16
2005-12-01,NT,Female,Sentenced,16
2006-03-01,NT,Female,Sentenced,17
2006-06-01,NT,Female,Sentenced,20
2006-09-01,NT,Female,Sentenced,23
2006-12-01,NT,Female,Sentenced,21
2007-03-01,NT,Female,Sentenced,28
2007-06-01,NT,Female,Sentenced,28
2007-09-01,NT,Female,Sentenced,29
2007-12-01,NT,Female,Sentenced,30
2008-03-01,NT,Female,Sentenced,30
2008-06-01,NT,Female,Sentenced,30
2008-09-01,NT,Female,Sentenced,31
2008-12-01,NT,Female,Sentenced,32
2009-03-01,NT,Female,Sentenced,31
2009-06-01,NT,Female,Sentenced,35
2009-09-01,NT,Female,Sentenced,35
2009-12-01,NT,Female,Sentenced,34
2010-03-01,NT,Female,Sentenced,35
2010-06-01,NT,Female,Sentenced,38
2010-09-01,NT,Female,Sentenced,37
2010-12-01,NT,Female,Sentenced,37
2011-03-01,NT,Female,Sentenced,37
2011-06-01,NT,Female,Sentenced,40
2011-09-01,NT,Female,Sentenced,41
2011-12-01,NT,Female,Sentenced,39
2012-03-01,NT,Female,Sentenced,44
2012-06-01,NT,Female,Sentenced,57
2012-09-01,NT,Female,Sentenced,53
2012-12-01,NT,Female,Sentenced,65
2013-03-01,NT,Female,Sentenced,61
2013-06-01,NT,Female,Sentenced,73
2013-09-01,NT,Female,Sentenced,73
2013-12-01,NT,Female,Sentenced,73
2014-03-01,NT,Female,Sentenced,75
2014-06-01,NT,Female,Sentenced,75
2014-09-01,NT,Female,Sentenced,68
2014-12-01,NT,Female,Sentenced,75
2015-03-01,NT,Female,Sentenced,86
2015-06-01,NT,Female,Sentenced,93
2015-09-01,NT,Female,Sentenced,99
2015-12-01,NT,Female,Sentenced,114
2016-03-01,NT,Female,Sentenced,92
2016-06-01,NT,Female,Sentenced,88
2016-09-01,NT,Female,Sentenced,81
2016-12-01,NT,Female,Sentenced,77
2005-03-01,NT,Male,Remanded,147
2005-06-01,NT,Male,Remanded,140
2005-09-01,NT,Male,Remanded,123
2005-12-01,NT,Male,Remanded,125
2006-03-01,NT,Male,Remanded,141
2006-06-01,NT,Male,Remanded,140
2006-09-01,NT,Male,Remanded,158
2006-12-01,NT,Male,Remanded,175
2007-03-01,NT,Male,Remanded,158
2007-06-01,NT,Male,Remanded,175
2007-09-01,NT,Male,Remanded,149
2007-12-01,NT,Male,Remanded,159
2008-03-01,NT,Male,Remanded,199
2008-06-01,NT,Male,Remanded,187
2008-09-01,NT,Male,Remanded,199
2008-12-01,NT,Male,Remanded,213
2009-03-01,NT,Male,Remanded,265
2009-06-01,NT,Male,Remanded,255
2009-09-01,NT,Male,Remanded,231
2009-12-01,NT,Male,Remanded,226
2010-03-01,NT,Male,Remanded,244
2010-06-01,NT,Male,Remanded,226
2010-09-01,NT,Male,Remanded,232
2010-12-01,NT,Male,Remanded,245
2011-03-01,NT,Male,Remanded,268
2011-06-01,NT,Male,Remanded,294
2011-09-01,NT,Male,Remanded,270
2011-12-01,NT,Male,Remanded,254
2012-03-01,NT,Male,Remanded,298
2012-06-01,NT,Male,Remanded,302
2012-09-01,NT,Male,Remanded,302
2012-12-01,NT,Male,Remanded,282
2013-03-01,NT,Male,Remanded,335
2013-06-01,NT,Male,Remanded,316
2013-09-01,NT,Male,Remanded,340
2013-12-01,NT,Male,Remanded,392
2014-03-01,NT,Male,Remanded,447
2014-06-01,NT,Male,Remanded,428
2014-09-01,NT,Male,Remanded,382
2014-12-01,NT,Male,Remanded,419
2015-03-01,NT,Male,Remanded,462
2015-06-01,NT,Male,Remanded,404
2015-09-01,NT,Male,Remanded,413
2015-12-01,NT,Male,Remanded,408
2016-03-01,NT,Male,Remanded,481
2016-06-01,NT,Male,Remanded,480
2016-09-01,NT,Male,Remanded,417
2016-12-01,NT,Male,Remanded,404
2005-03-01,NT,Male,Sentenced,613
2005-06-01,NT,Male,Sentenced,654
2005-09-01,NT,Male,Sentenced,649
2005-12-01,NT,Male,Sentenced,609
2006-03-01,NT,Male,Sentenced,636
2006-06-01,NT,Male,Sentenced,643
2006-09-01,NT,Male,Sentenced,582
2006-12-01,NT,Male,Sentenced,606
2007-03-01,NT,Male,Sentenced,635
2007-06-01,NT,Male,Sentenced,685
2007-09-01,NT,Male,Sentenced,670
2007-12-01,NT,Male,Sentenced,643
2008-03-01,NT,Male,Sentenced,660
2008-06-01,NT,Male,Sentenced,679
2008-09-01,NT,Male,Sentenced,699
2008-12-01,NT,Male,Sentenced,713
2009-03-01,NT,Male,Sentenced,787
2009-06-01,NT,Male,Sentenced,778
2009-09-01,NT,Male,Sentenced,763
2009-12-01,NT,Male,Sentenced,795
2010-03-01,NT,Male,Sentenced,804
2010-06-01,NT,Male,Sentenced,837
2010-09-01,NT,Male,Sentenced,815
2010-12-01,NT,Male,Sentenced,848
2011-03-01,NT,Male,Sentenced,855
2011-06-01,NT,Male,Sentenced,895
2011-09-01,NT,Male,Sentenced,934
2011-12-01,NT,Male,Sentenced,968
2012-03-01,NT,Male,Sentenced,1014
2012-06-01,NT,Male,Sentenced,1035
2012-09-01,NT,Male,Sentenced,1025
2012-12-01,NT,Male,Sentenced,1074
2013-03-01,NT,Male,Sentenced,1106
2013-06-01,NT,Male,Sentenced,1103
2013-09-01,NT,Male,Sentenced,981
2013-12-01,NT,Male,Sentenced,1020
2014-03-01,NT,Male,Sentenced,966
2014-06-01,NT,Male,Sentenced,993
2014-09-01,NT,Male,Sentenced,1024
2014-12-01,NT,Male,Sentenced,1035
2015-03-01,NT,Male,Sentenced,1058
2015-06-01,NT,Male,Sentenced,1094
2015-09-01,NT,Male,Sentenced,1041
2015-12-01,NT,Male,Sentenced,1046
2016-03-01,NT,Male,Sentenced,1106
2016-06-01,NT,Male,Sentenced,1089
2016-09-01,NT,Male,Sentenced,1087
2016-12-01,NT,Male,Sentenced,1076
2005-03-01,QLD,Female,Remanded,81
2005-06-01,QLD,Female,Remanded,81
2005-09-01,QLD,Female,Remanded,76
2005-12-01,QLD,Female,Remanded,81
2006-03-01,QLD,Female,Remanded,80
2006-06-01,QLD,Female,Remanded,82
2006-09-01,QLD,Female,Remanded,89
2006-12-01,QLD,Female,Remanded,95
2007-03-01,QLD,Female,Remanded,108
2007-06-01,QLD,Female,Remanded,108
2007-09-01,QLD,Female,Remanded,105
2007-12-01,QLD,Female,Remanded,96
2008-03-01,QLD,Female,Remanded,101
2008-06-01,QLD,Female,Remanded,103
2008-09-01,QLD,Female,Remanded,109
2008-12-01,QLD,Female,Remanded,90
2009-03-01,QLD,Female,Remanded,85
2009-06-01,QLD,Female,Remanded,89
2009-09-01,QLD,Female,Remanded,86
2009-12-01,QLD,Female,Remanded,84
2010-03-01,QLD,Female,Remanded,96
2010-06-01,QLD,Female,Remanded,103
2010-09-01,QLD,Female,Remanded,92
2010-12-01,QLD,Female,Remanded,83
2011-03-01,QLD,Female,Remanded,78
2011-06-01,QLD,Female,Remanded,76
2011-09-01,QLD,Female,Remanded,93
2011-12-01,QLD,Female,Remanded,88
2012-03-01,QLD,Female,Remanded,94
2012-06-01,QLD,Female,Remanded,101
2012-09-01,QLD,Female,Remanded,105
2012-12-01,QLD,Female,Remanded,104
2013-03-01,QLD,Female,Remanded,118
2013-06-01,QLD,Female,Remanded,133
2013-09-01,QLD,Female,Remanded,133
2013-12-01,QLD,Female,Remanded,149
2014-03-01,QLD,Female,Remanded,161
2014-06-01,QLD,Female,Remanded,163
2014-09-01,QLD,Female,Remanded,163
2014-12-01,QLD,Female,Remanded,161
2015-03-01,QLD,Female,Remanded,156
2015-06-01,QLD,Female,Remanded,174
2015-09-01,QLD,Female,Remanded,183
2015-12-01,QLD,Female,Remanded,196
2016-03-01,QLD,Female,Remanded,226
2016-06-01,QLD,Female,Remanded,231
2016-09-01,QLD,Female,Remanded,221
2016-12-01,QLD,Female,Remanded,230
2005-03-01,QLD,Female,Sentenced,273
2005-06-01,QLD,Female,Sentenced,277
2005-09-01,QLD,Female,Sentenced,288
2005-12-01,QLD,Female,Sentenced,290
2006-03-01,QLD,Female,Sentenced,285
2006-06-01,QLD,Female,Sentenced,298
2006-09-01,QLD,Female,Sentenced,314
2006-12-01,QLD,Female,Sentenced,320
2007-03-01,QLD,Female,Sentenced,310
2007-06-01,QLD,Female,Sentenced,332
2007-09-01,QLD,Female,Sentenced,298
2007-12-01,QLD,Female,Sentenced,310
2008-03-01,QLD,Female,Sentenced,305
2008-06-01,QLD,Female,Sentenced,303
2008-09-01,QLD,Female,Sentenced,324
2008-12-01,QLD,Female,Sentenced,353
2009-03-01,QLD,Female,Sentenced,336
2009-06-01,QLD,Female,Sentenced,345
2009-09-01,QLD,Female,Sentenced,327
2009-12-01,QLD,Female,Sentenced,336
2010-03-01,QLD,Female,Sentenced,327
2010-06-01,QLD,Female,Sentenced,343
2010-09-01,QLD,Female,Sentenced,342
2010-12-01,QLD,Female,Sentenced,325
2011-03-01,QLD,Female,Sentenced,323
2011-06-01,QLD,Female,Sentenced,347
2011-09-01,QLD,Female,Sentenced,334
2011-12-01,QLD,Female,Sentenced,392
2012-03-01,QLD,Female,Sentenced,342
2012-06-01,QLD,Female,Sentenced,360
2012-09-01,QLD,Female,Sentenced,371
2012-12-01,QLD,Female,Sentenced,370
2013-03-01,QLD,Female,Sentenced,387
2013-06-01,QLD,Female,Sentenced,414
2013-09-01,QLD,Female,Sentenced,438
2013-12-01,QLD,Female,Sentenced,466
2014-03-01,QLD,Female,Sentenced,485
2014-06-01,QLD,Female,Sentenced,488
2014-09-01,QLD,Female,Sentenced,498
2014-12-01,QLD,Female,Sentenced,522
2015-03-01,QLD,Female,Sentenced,499
2015-06-01,QLD,Female,Sentenced,502
2015-09-01,QLD,Female,Sentenced,500
2015-12-01,QLD,Female,Sentenced,465
2016-03-01,QLD,Female,Sentenced,450
2016-06-01,QLD,Female,Sentenced,452
2016-09-01,QLD,Female,Sentenced,468
2016-12-01,QLD,Female,Sentenced,511
2005-03-01,QLD,Male,Remanded,1000
2005-06-01,QLD,Male,Remanded,1019
2005-09-01,QLD,Male,Remanded,989
2005-12-01,QLD,Male,Remanded,985
2006-03-01,QLD,Male,Remanded,1038
2006-06-01,QLD,Male,Remanded,1084
2006-09-01,QLD,Male,Remanded,1111
2006-12-01,QLD,Male,Remanded,1127
2007-03-01,QLD,Male,Remanded,1134
2007-06-01,QLD,Male,Remanded,1185
2007-09-01,QLD,Male,Remanded,1167
2007-12-01,QLD,Male,Remanded,1100
2008-03-01,QLD,Male,Remanded,1159
2008-06-01,QLD,Male,Remanded,1152
2008-09-01,QLD,Male,Remanded,1131
2008-12-01,QLD,Male,Remanded,1061
2009-03-01,QLD,Male,Remanded,1078
2009-06-01,QLD,Male,Remanded,1081
2009-09-01,QLD,Male,Remanded,1051
2009-12-01,QLD,Male,Remanded,1054
2010-03-01,QLD,Male,Remanded,1108
2010-06-01,QLD,Male,Remanded,1117
2010-09-01,QLD,Male,Remanded,1068
2010-12-01,QLD,Male,Remanded,1081
2011-03-01,QLD,Male,Remanded,1093
2011-06-01,QLD,Male,Remanded,1114
2011-09-01,QLD,Male,Remanded,1110
2011-12-01,QLD,Male,Remanded,1096
2012-03-01,QLD,Male,Remanded,1130
2012-06-01,QLD,Male,Remanded,1132
2012-09-01,QLD,Male,Remanded,1113
2012-12-01,QLD,Male,Remanded,1092
2013-03-01,QLD,Male,Remanded,1206
2013-06-01,QLD,Male,Remanded,1232
2013-09-01,QLD,Male,Remanded,1259
2013-12-01,QLD,Male,Remanded,1286
2014-03-01,QLD,Male,Remanded,1425
2014-06-01,QLD,Male,Remanded,1586
2014-09-01,QLD,Male,Remanded,1498
2014-12-01,QLD,Male,Remanded,1488
2015-03-01,QLD,Male,Remanded,1566
2015-06-01,QLD,Male,Remanded,1610
2015-09-01,QLD,Male,Remanded,1621
2015-12-01,QLD,Male,Remanded,1758
2016-03-01,QLD,Male,Remanded,1943
2016-06-01,QLD,Male,Remanded,1987
2016-09-01,QLD,Male,Remanded,2082
2016-12-01,QLD,Male,Remanded,2079
2005-03-01,QLD,Male,Sentenced,3940
2005-06-01,QLD,Male,Sentenced,3968
2005-09-01,QLD,Male,Sentenced,4015
2005-12-01,QLD,Male,Sentenced,3965
2006-03-01,QLD,Male,Sentenced,4020
2006-06-01,QLD,Male,Sentenced,4063
2006-09-01,QLD,Male,Sentenced,4067
2006-12-01,QLD,Male,Sentenced,4098
2007-03-01,QLD,Male,Sentenced,4063
2007-06-01,QLD,Male,Sentenced,4059
2007-09-01,QLD,Male,Sentenced,3943
2007-12-01,QLD,Male,Sentenced,3935
2008-03-01,QLD,Male,Sentenced,3853
2008-06-01,QLD,Male,Sentenced,3988
2008-09-01,QLD,Male,Sentenced,3998
2008-12-01,QLD,Male,Sentenced,4086
2009-03-01,QLD,Male,Sentenced,4044
2009-06-01,QLD,Male,Sentenced,4215
2009-09-01,QLD,Male,Sentenced,4147
2009-12-01,QLD,Male,Sentenced,4058
2010-03-01,QLD,Male,Sentenced,4064
2010-06-01,QLD,Male,Sentenced,4170
2010-09-01,QLD,Male,Sentenced,4099
2010-12-01,QLD,Male,Sentenced,4065
2011-03-01,QLD,Male,Sentenced,3934
2011-06-01,QLD,Male,Sentenced,4033
2011-09-01,QLD,Male,Sentenced,4073
2011-12-01,QLD,Male,Sentenced,4140
2012-03-01,QLD,Male,Sentenced,4060
2012-06-01,QLD,Male,Sentenced,4052
2012-09-01,QLD,Male,Sentenced,4045
2012-12-01,QLD,Male,Sentenced,4178
2013-03-01,QLD,Male,Sentenced,4178
2013-06-01,QLD,Male,Sentenced,4247
2013-09-01,QLD,Male,Sentenced,4360
2013-12-01,QLD,Male,Sentenced,4597
2014-03-01,QLD,Male,Sentenced,4753
2014-06-01,QLD,Male,Sentenced,4797
2014-09-01,QLD,Male,Sentenced,4899
2014-12-01,QLD,Male,Sentenced,5010
2015-03-01,QLD,Male,Sentenced,4935
2015-06-01,QLD,Male,Sentenced,5022
2015-09-01,QLD,Male,Sentenced,4958
2015-12-01,QLD,Male,Sentenced,4975
2016-03-01,QLD,Male,Sentenced,5063
2016-06-01,QLD,Male,Sentenced,5083
2016-09-01,QLD,Male,Sentenced,5000
2016-12-01,QLD,Male,Sentenced,5208
2005-03-01,SA,Female,Remanded,38
2005-06-01,SA,Female,Remanded,39
2005-09-01,SA,Female,Remanded,48
2005-12-01,SA,Female,Remanded,44
2006-03-01,SA,Female,Remanded,41
2006-06-01,SA,Female,Remanded,37
2006-09-01,SA,Female,Remanded,36
2006-12-01,SA,Female,Remanded,41
2007-03-01,SA,Female,Remanded,48
2007-06-01,SA,Female,Remanded,52
2007-09-01,SA,Female,Remanded,52
2007-12-01,SA,Female,Remanded,54
2008-03-01,SA,Female,Remanded,61
2008-06-01,SA,Female,Remanded,59
2008-09-01,SA,Female,Remanded,64
2008-12-01,SA,Female,Remanded,57
2009-03-01,SA,Female,Remanded,59
2009-06-01,SA,Female,Remanded,57
2009-09-01,SA,Female,Remanded,51
2009-12-01,SA,Female,Remanded,50
2010-03-01,SA,Female,Remanded,52
2010-06-01,SA,Female,Remanded,54
2010-09-01,SA,Female,Remanded,51
2010-12-01,SA,Female,Remanded,50
2011-03-01,SA,Female,Remanded,47
2011-06-01,SA,Female,Remanded,37
2011-09-01,SA,Female,Remanded,42
2011-12-01,SA,Female,Remanded,51
2012-03-01,SA,Female,Remanded,56
2012-06-01,SA,Female,Remanded,59
2012-09-01,SA,Female,Remanded,53
2012-12-01,SA,Female,Remanded,51
2013-03-01,SA,Female,Remanded,55
2013-06-01,SA,Female,Remanded,66
2013-09-01,SA,Female,Remanded,61
2013-12-01,SA,Female,Remanded,55
2014-03-01,SA,Female,Remanded,70
2014-06-01,SA,Female,Remanded,67
2014-09-01,SA,Female,Remanded,74
2014-12-01,SA,Female,Remanded,75
2015-03-01,SA,Female,Remanded,65
2015-06-01,SA,Female,Remanded,64
2015-09-01,SA,Female,Remanded,74
2015-12-01,SA,Female,Remanded,78
2016-03-01,SA,Female,Remanded,78
2016-06-01,SA,Female,Remanded,101
2016-09-01,SA,Female,Remanded,100
2016-12-01,SA,Female,Remanded,108
2005-03-01,SA,Female,Sentenced,54
2005-06-01,SA,Female,Sentenced,54
2005-09-01,SA,Female,Sentenced,52
2005-12-01,SA,Female,Sentenced,58
2006-03-01,SA,Female,Sentenced,60
2006-06-01,SA,Female,Sentenced,64
2006-09-01,SA,Female,Sentenced,65
2006-12-01,SA,Female,Sentenced,64
2007-03-01,SA,Female,Sentenced,62
2007-06-01,SA,Female,Sentenced,66
2007-09-01,SA,Female,Sentenced,68
2007-12-01,SA,Female,Sentenced,68
2008-03-01,SA,Female,Sentenced,67
2008-06-01,SA,Female,Sentenced,67
2008-09-01,SA,Female,Sentenced,63
2008-12-01,SA,Female,Sentenced,61
2009-03-01,SA,Female,Sentenced,71
2009-06-01,SA,Female,Sentenced,74
2009-09-01,SA,Female,Sentenced,76
2009-12-01,SA,Female,Sentenced,74
2010-03-01,SA,Female,Sentenced,74
2010-06-01,SA,Female,Sentenced,70
2010-09-01,SA,Female,Sentenced,79
2010-12-01,SA,Female,Sentenced,77
2011-03-01,SA,Female,Sentenced,78
2011-06-01,SA,Female,Sentenced,84
2011-09-01,SA,Female,Sentenced,85
2011-12-01,SA,Female,Sentenced,81
2012-03-01,SA,Female,Sentenced,72
2012-06-01,SA,Female,Sentenced,79
2012-09-01,SA,Female,Sentenced,81
2012-12-01,SA,Female,Sentenced,84
2013-03-01,SA,Female,Sentenced,80
2013-06-01,SA,Female,Sentenced,79
2013-09-01,SA,Female,Sentenced,86
2013-12-01,SA,Female,Sentenced,94
2014-03-01,SA,Female,Sentenced,95
2014-06-01,SA,Female,Sentenced,96
2014-09-01,SA,Female,Sentenced,98
2014-12-01,SA,Female,Sentenced,101
2015-03-01,SA,Female,Sentenced,91
2015-06-01,SA,Female,Sentenced,88
2015-09-01,SA,Female,Sentenced,85
2015-12-01,SA,Female,Sentenced,93
2016-03-01,SA,Female,Sentenced,95
2016-06-01,SA,Female,Sentenced,90
2016-09-01,SA,Female,Sentenced,89
2016-12-01,SA,Female,Sentenced,97
2005-03-01,SA,Male,Remanded,486
2005-06-01,SA,Male,Remanded,451
2005-09-01,SA,Male,Remanded,476
2005-12-01,SA,Male,Remanded,504
2006-03-01,SA,Male,Remanded,481
2006-06-01,SA,Male,Remanded,525
2006-09-01,SA,Male,Remanded,514
2006-12-01,SA,Male,Remanded,512
2007-03-01,SA,Male,Remanded,551
2007-06-01,SA,Male,Remanded,583
2007-09-01,SA,Male,Remanded,579
2007-12-01,SA,Male,Remanded,557
2008-03-01,SA,Male,Remanded,587
2008-06-01,SA,Male,Remanded,587
2008-09-01,SA,Male,Remanded,602
2008-12-01,SA,Male,Remanded,583
2009-03-01,SA,Male,Remanded,595
2009-06-01,SA,Male,Remanded,621
2009-09-01,SA,Male,Remanded,640
2009-12-01,SA,Male,Remanded,610
2010-03-01,SA,Male,Remanded,607
2010-06-01,SA,Male,Remanded,662
2010-09-01,SA,Male,Remanded,626
2010-12-01,SA,Male,Remanded,612
2011-03-01,SA,Male,Remanded,626
2011-06-01,SA,Male,Remanded,610
2011-09-01,SA,Male,Remanded,568
2011-12-01,SA,Male,Remanded,570
2012-03-01,SA,Male,Remanded,621
2012-06-01,SA,Male,Remanded,626
2012-09-01,SA,Male,Remanded,594
2012-12-01,SA,Male,Remanded,638
2013-03-01,SA,Male,Remanded,666
2013-06-01,SA,Male,Remanded,698
2013-09-01,SA,Male,Remanded,726
2013-12-01,SA,Male,Remanded,747
2014-03-01,SA,Male,Remanded,751
2014-06-01,SA,Male,Remanded,819
2014-09-01,SA,Male,Remanded,823
2014-12-01,SA,Male,Remanded,828
2015-03-01,SA,Male,Remanded,822
2015-06-01,SA,Male,Remanded,849
2015-09-01,SA,Male,Remanded,921
2015-12-01,SA,Male,Remanded,987
2016-03-01,SA,Male,Remanded,1029
2016-06-01,SA,Male,Remanded,1126
2016-09-01,SA,Male,Remanded,1086
2016-12-01,SA,Male,Remanded,1100
2005-03-01,SA,Male,Sentenced,974
2005-06-01,SA,Male,Sentenced,967
2005-09-01,SA,Male,Sentenced,954
2005-12-01,SA,Male,Sentenced,950
2006-03-01,SA,Male,Sentenced,954
2006-06-01,SA,Male,Sentenced,950
2006-09-01,SA,Male,Sentenced,989
2006-12-01,SA,Male,Sentenced,1044
2007-03-01,SA,Male,Sentenced,1039
2007-06-01,SA,Male,Sentenced,1080
2007-09-01,SA,Male,Sentenced,1107
2007-12-01,SA,Male,Sentenced,1154
2008-03-01,SA,Male,Sentenced,1167
2008-06-01,SA,Male,Sentenced,1198
2008-09-01,SA,Male,Sentenced,1231
2008-12-01,SA,Male,Sentenced,1226
2009-03-01,SA,Male,Sentenced,1200
2009-06-01,SA,Male,Sentenced,1223
2009-09-01,SA,Male,Sentenced,1224
2009-12-01,SA,Male,Sentenced,1229
2010-03-01,SA,Male,Sentenced,1191
2010-06-01,SA,Male,Sentenced,1193
2010-09-01,SA,Male,Sentenced,1229
2010-12-01,SA,Male,Sentenced,1234
2011-03-01,SA,Male,Sentenced,1248
2011-06-01,SA,Male,Sentenced,1275
2011-09-01,SA,Male,Sentenced,1347
2011-12-01,SA,Male,Sentenced,1347
2012-03-01,SA,Male,Sentenced,1357
2012-06-01,SA,Male,Sentenced,1368
2012-09-01,SA,Male,Sentenced,1351
2012-12-01,SA,Male,Sentenced,1384
2013-03-01,SA,Male,Sentenced,1406
2013-06-01,SA,Male,Sentenced,1402
2013-09-01,SA,Male,Sentenced,1415
2013-12-01,SA,Male,Sentenced,1472
2014-03-01,SA,Male,Sentenced,1515
2014-06-01,SA,Male,Sentenced,1542
2014-09-01,SA,Male,Sentenced,1555
2014-12-01,SA,Male,Sentenced,1669
2015-03-01,SA,Male,Sentenced,1663
2015-06-01,SA,Male,Sentenced,1693
2015-09-01,SA,Male,Sentenced,1688
2015-12-01,SA,Male,Sentenced,1679
2016-03-01,SA,Male,Sentenced,1651
2016-06-01,SA,Male,Sentenced,1671
2016-09-01,SA,Male,Sentenced,1669
2016-12-01,SA,Male,Sentenced,1679
2005-03-01,TAS,Female,Remanded,10
2005-06-01,TAS,Female,Remanded,8
2005-09-01,TAS,Female,Remanded,10
2005-12-01,TAS,Female,Remanded,12
2006-03-01,TAS,Female,Remanded,11
2006-06-01,TAS,Female,Remanded,9
2006-09-01,TAS,Female,Remanded,14
2006-12-01,TAS,Female,Remanded,16
2007-03-01,TAS,Female,Remanded,10
2007-06-01,TAS,Female,Remanded,11
2007-09-01,TAS,Female,Remanded,8
2007-12-01,TAS,Female,Remanded,10
2008-03-01,TAS,Female,Remanded,10
2008-06-01,TAS,Female,Remanded,13
2008-09-01,TAS,Female,Remanded,9
2008-12-01,TAS,Female,Remanded,7
2009-03-01,TAS,Female,Remanded,11
2009-06-01,TAS,Female,Remanded,11
2009-09-01,TAS,Female,Remanded,10
2009-12-01,TAS,Female,Remanded,9
2010-03-01,TAS,Female,Remanded,8
2010-06-01,TAS,Female,Remanded,11
2010-09-01,TAS,Female,Remanded,8
2010-12-01,TAS,Female,Remanded,6
2011-03-01,TAS,Female,Remanded,6
2011-06-01,TAS,Female,Remanded,7
2011-09-01,TAS,Female,Remanded,9
2011-12-01,TAS,Female,Remanded,6
2012-03-01,TAS,Female,Remanded,12
2012-06-01,TAS,Female,Remanded,7
2012-09-01,TAS,Female,Remanded,8
2012-12-01,TAS,Female,Remanded,7
2013-03-01,TAS,Female,Remanded,6
2013-06-01,TAS,Female,Remanded,7
2013-09-01,TAS,Female,Remanded,5
2013-12-01,TAS,Female,Remanded,6
2014-03-01,TAS,Female,Remanded,4
2014-06-01,TAS,Female,Remanded,4
2014-09-01,TAS,Female,Remanded,4
2014-12-01,TAS,Female,Remanded,7
2015-03-01,TAS,Female,Remanded,8
2015-06-01,TAS,Female,Remanded,7
2015-09-01,TAS,Female,Remanded,12
2015-12-01,TAS,Female,Remanded,13
2016-03-01,TAS,Female,Remanded,14
2016-06-01,TAS,Female,Remanded,15
2016-09-01,TAS,Female,Remanded,13
2016-12-01,TAS,Female,Remanded,10
2005-03-01,TAS,Female,Sentenced,21
2005-06-01,TAS,Female,Sentenced,20
2005-09-01,TAS,Female,Sentenced,21
2005-12-01,TAS,Female,Sentenced,23
2006-03-01,TAS,Female,Sentenced,22
2006-06-01,TAS,Female,Sentenced,29
2006-09-01,TAS,Female,Sentenced,25
2006-12-01,TAS,Female,Sentenced,30
2007-03-01,TAS,Female,Sentenced,26
2007-06-01,TAS,Female,Sentenced,21
2007-09-01,TAS,Female,Sentenced,25
2007-12-01,TAS,Female,Sentenced,30
2008-03-01,TAS,Female,Sentenced,25
2008-06-01,TAS,Female,Sentenced,25
2008-09-01,TAS,Female,Sentenced,32
2008-12-01,TAS,Female,Sentenced,27
2009-03-01,TAS,Female,Sentenced,22
2009-06-01,TAS,Female,Sentenced,23
2009-09-01,TAS,Female,Sentenced,32
2009-12-01,TAS,Female,Sentenced,36
2010-03-01,TAS,Female,Sentenced,26
2010-06-01,TAS,Female,Sentenced,27
2010-09-01,TAS,Female,Sentenced,26
2010-12-01,TAS,Female,Sentenced,29
2011-03-01,TAS,Female,Sentenced,22
2011-06-01,TAS,Female,Sentenced,33
2011-09-01,TAS,Female,Sentenced,30
2011-12-01,TAS,Female,Sentenced,33
2012-03-01,TAS,Female,Sentenced,25
2012-06-01,TAS,Female,Sentenced,28
2012-09-01,TAS,Female,Sentenced,38
2012-12-01,TAS,Female,Sentenced,43
2013-03-01,TAS,Female,Sentenced,31
2013-06-01,TAS,Female,Sentenced,26
2013-09-01,TAS,Female,Sentenced,27
2013-12-01,TAS,Female,Sentenced,29
2014-03-01,TAS,Female,Sentenced,27
2014-06-01,TAS,Female,Sentenced,26
2014-09-01,TAS,Female,Sentenced,26
2014-12-01,TAS,Female,Sentenced,19
2015-03-01,TAS,Female,Sentenced,20
2015-06-01,TAS,Female,Sentenced,21
2015-09-01,TAS,Female,Sentenced,23
2015-12-01,TAS,Female,Sentenced,31
2016-03-01,TAS,Female,Sentenced,34
2016-06-01,TAS,Female,Sentenced,34
2016-09-01,TAS,Female,Sentenced,43
2016-12-01,TAS,Female,Sentenced,41
2005-03-01,TAS,Male,Remanded,106
2005-06-01,TAS,Male,Remanded,113
2005-09-01,TAS,Male,Remanded,115
2005-12-01,TAS,Male,Remanded,102
2006-03-01,TAS,Male,Remanded,89
2006-06-01,TAS,Male,Remanded,112
2006-09-01,TAS,Male,Remanded,124
2006-12-01,TAS,Male,Remanded,105
2007-03-01,TAS,Male,Remanded,101
2007-06-01,TAS,Male,Remanded,111
2007-09-01,TAS,Male,Remanded,106
2007-12-01,TAS,Male,Remanded,102
2008-03-01,TAS,Male,Remanded,103
2008-06-01,TAS,Male,Remanded,104
2008-09-01,TAS,Male,Remanded,103
2008-12-01,TAS,Male,Remanded,98
2009-03-01,TAS,Male,Remanded,97
2009-06-01,TAS,Male,Remanded,112
2009-09-01,TAS,Male,Remanded,103
2009-12-01,TAS,Male,Remanded,90
2010-03-01,TAS,Male,Remanded,84
2010-06-01,TAS,Male,Remanded,88
2010-09-01,TAS,Male,Remanded,101
2010-12-01,TAS,Male,Remanded,87
2011-03-01,TAS,Male,Remanded,78
2011-06-01,TAS,Male,Remanded,82
2011-09-01,TAS,Male,Remanded,98
2011-12-01,TAS,Male,Remanded,95
2012-03-01,TAS,Male,Remanded,104
2012-06-01,TAS,Male,Remanded,94
2012-09-01,TAS,Male,Remanded,77
2012-12-01,TAS,Male,Remanded,87
2013-03-01,TAS,Male,Remanded,72
2013-06-01,TAS,Male,Remanded,97
2013-09-01,TAS,Male,Remanded,92
2013-12-01,TAS,Male,Remanded,83
2014-03-01,TAS,Male,Remanded,88
2014-06-01,TAS,Male,Remanded,94
2014-09-01,TAS,Male,Remanded,89
2014-12-01,TAS,Male,Remanded,93
2015-03-01,TAS,Male,Remanded,103
2015-06-01,TAS,Male,Remanded,113
2015-09-01,TAS,Male,Remanded,129
2015-12-01,TAS,Male,Remanded,133
2016-03-01,TAS,Male,Remanded,138
2016-06-01,TAS,Male,Remanded,130
2016-09-01,TAS,Male,Remanded,142
2016-12-01,TAS,Male,Remanded,141
2005-03-01,TAS,Male,Sentenced,388
2005-06-01,TAS,Male,Sentenced,399
2005-09-01,TAS,Male,Sentenced,383
2005-12-01,TAS,Male,Sentenced,382
2006-03-01,TAS,Male,Sentenced,354
2006-06-01,TAS,Male,Sentenced,353
2006-09-01,TAS,Male,Sentenced,379
2006-12-01,TAS,Male,Sentenced,402
2007-03-01,TAS,Male,Sentenced,369
2007-06-01,TAS,Male,Sentenced,386
2007-09-01,TAS,Male,Sentenced,393
2007-12-01,TAS,Male,Sentenced,425
2008-03-01,TAS,Male,Sentenced,380
2008-06-01,TAS,Male,Sentenced,393
2008-09-01,TAS,Male,Sentenced,375
2008-12-01,TAS,Male,Sentenced,396
2009-03-01,TAS,Male,Sentenced,380
2009-06-01,TAS,Male,Sentenced,379
2009-09-01,TAS,Male,Sentenced,371
2009-12-01,TAS,Male,Sentenced,372
2010-03-01,TAS,Male,Sentenced,334
2010-06-01,TAS,Male,Sentenced,351
2010-09-01,TAS,Male,Sentenced,356
2010-12-01,TAS,Male,Sentenced,369
2011-03-01,TAS,Male,Sentenced,347
2011-06-01,TAS,Male,Sentenced,354
2011-09-01,TAS,Male,Sentenced,388
2011-12-01,TAS,Male,Sentenced,394
2012-03-01,TAS,Male,Sentenced,366
2012-06-01,TAS,Male,Sentenced,382
2012-09-01,TAS,Male,Sentenced,369
2012-12-01,TAS,Male,Sentenced,358
2013-03-01,TAS,Male,Sentenced,350
2013-06-01,TAS,Male,Sentenced,330
2013-09-01,TAS,Male,Sentenced,348
2013-12-01,TAS,Male,Sentenced,362
2014-03-01,TAS,Male,Sentenced,353
2014-06-01,TAS,Male,Sentenced,343
2014-09-01,TAS,Male,Sentenced,324
2014-12-01,TAS,Male,Sentenced,340
2015-03-01,TAS,Male,Sentenced,337
2015-06-01,TAS,Male,Sentenced,371
2015-09-01,TAS,Male,Sentenced,347
2015-12-01,TAS,Male,Sentenced,350
2016-03-01,TAS,Male,Sentenced,349
2016-06-01,TAS,Male,Sentenced,374
2016-09-01,TAS,Male,Sentenced,381
2016-12-01,TAS,Male,Sentenced,401
2005-03-01,VIC,Female,Remanded,62
2005-06-01,VIC,Female,Remanded,59
2005-09-01,VIC,Female,Remanded,59
2005-12-01,VIC,Female,Remanded,54
2006-03-01,VIC,Female,Remanded,50
2006-06-01,VIC,Female,Remanded,47
2006-09-01,VIC,Female,Remanded,48
2006-12-01,VIC,Female,Remanded,45
2007-03-01,VIC,Female,Remanded,51
2007-06-01,VIC,Female,Remanded,54
2007-09-01,VIC,Female,Remanded,54
2007-12-01,VIC,Female,Remanded,50
2008-03-01,VIC,Female,Remanded,51
2008-06-01,VIC,Female,Remanded,62
2008-09-01,VIC,Female,Remanded,61
2008-12-01,VIC,Female,Remanded,64
2009-03-01,VIC,Female,Remanded,70
2009-06-01,VIC,Female,Remanded,77
2009-09-01,VIC,Female,Remanded,77
2009-12-01,VIC,Female,Remanded,76
2010-03-01,VIC,Female,Remanded,69
2010-06-01,VIC,Female,Remanded,70
2010-09-01,VIC,Female,Remanded,70
2010-12-01,VIC,Female,Remanded,69
2011-03-01,VIC,Female,Remanded,71
2011-06-01,VIC,Female,Remanded,73
2011-09-01,VIC,Female,Remanded,67
2011-12-01,VIC,Female,Remanded,75
2012-03-01,VIC,Female,Remanded,79
2012-06-01,VIC,Female,Remanded,81
2012-09-01,VIC,Female,Remanded,85
2012-12-01,VIC,Female,Remanded,93
2013-03-01,VIC,Female,Remanded,91
2013-06-01,VIC,Female,Remanded,88
2013-09-01,VIC,Female,Remanded,99
2013-12-01,VIC,Female,Remanded,112
2014-03-01,VIC,Female,Remanded,108
2014-06-01,VIC,Female,Remanded,104
2014-09-01,VIC,Female,Remanded,98
2014-12-01,VIC,Female,Remanded,123
2015-03-01,VIC,Female,Remanded,132
2015-06-01,VIC,Female,Remanded,134
2015-09-01,VIC,Female,Remanded,135
2015-12-01,VIC,Female,Remanded,146
2016-03-01,VIC,Female,Remanded,158
2016-06-01,VIC,Female,Remanded,158
2016-09-01,VIC,Female,Remanded,170
2016-12-01,VIC,Female,Remanded,175
2005-03-01,VIC,Female,Sentenced,196
2005-06-01,VIC,Female,Sentenced,196
2005-09-01,VIC,Female,Sentenced,198
2005-12-01,VIC,Female,Sentenced,188
2006-03-01,VIC,Female,Sentenced,168
2006-06-01,VIC,Female,Sentenced,178
2006-09-01,VIC,Female,Sentenced,199
2006-12-01,VIC,Female,Sentenced,197
2007-03-01,VIC,Female,Sentenced,192
2007-06-01,VIC,Female,Sentenced,198
2007-09-01,VIC,Female,Sentenced,197
2007-12-01,VIC,Female,Sentenced,203
2008-03-01,VIC,Female,Sentenced,185
2008-06-01,VIC,Female,Sentenced,176
2008-09-01,VIC,Female,Sentenced,189
2008-12-01,VIC,Female,Sentenced,183
2009-03-01,VIC,Female,Sentenced,184
2009-06-01,VIC,Female,Sentenced,192
2009-09-01,VIC,Female,Sentenced,213
2009-12-01,VIC,Female,Sentenced,238
2010-03-01,VIC,Female,Sentenced,246
2010-06-01,VIC,Female,Sentenced,248
2010-09-01,VIC,Female,Sentenced,248
2010-12-01,VIC,Female,Sentenced,243
2011-03-01,VIC,Female,Sentenced,235
2011-06-01,VIC,Female,Sentenced,248
2011-09-01,VIC,Female,Sentenced,257
2011-12-01,VIC,Female,Sentenced,257
2012-03-01,VIC,Female,Sentenced,242
2012-06-01,VIC,Female,Sentenced,249
2012-09-01,VIC,Female,Sentenced,255
2012-12-01,VIC,Female,Sentenced,245
2013-03-01,VIC,Female,Sentenced,246
2013-06-01,VIC,Female,Sentenced,265
2013-09-01,VIC,Female,Sentenced,289
2013-12-01,VIC,Female,Sentenced,300
2014-03-01,VIC,Female,Sentenced,297
2014-06-01,VIC,Female,Sentenced,296
2014-09-01,VIC,Female,Sentenced,314
2014-12-01,VIC,Female,Sentenced,319
2015-03-01,VIC,Female,Sentenced,318
2015-06-01,VIC,Female,Sentenced,296
2015-09-01,VIC,Female,Sentenced,287
2015-12-01,VIC,Female,Sentenced,276
2016-03-01,VIC,Female,Sentenced,278
2016-06-01,VIC,Female,Sentenced,278
2016-09-01,VIC,Female,Sentenced,263
2016-12-01,VIC,Female,Sentenced,268
2005-03-01,VIC,Male,Remanded,587
2005-06-01,VIC,Male,Remanded,587
2005-09-01,VIC,Male,Remanded,593
2005-12-01,VIC,Male,Remanded,602
2006-03-01,VIC,Male,Remanded,605
2006-06-01,VIC,Male,Remanded,597
2006-09-01,VIC,Male,Remanded,687
2006-12-01,VIC,Male,Remanded,722
2007-03-01,VIC,Male,Remanded,695
2007-06-01,VIC,Male,Remanded,726
2007-09-01,VIC,Male,Remanded,758
2007-12-01,VIC,Male,Remanded,750
2008-03-01,VIC,Male,Remanded,744
2008-06-01,VIC,Male,Remanded,793
2008-09-01,VIC,Male,Remanded,765
2008-12-01,VIC,Male,Remanded,805
2009-03-01,VIC,Male,Remanded,743
2009-06-01,VIC,Male,Remanded,800
2009-09-01,VIC,Male,Remanded,767
2009-12-01,VIC,Male,Remanded,815
2010-03-01,VIC,Male,Remanded,768
2010-06-01,VIC,Male,Remanded,791
2010-09-01,VIC,Male,Remanded,741
2010-12-01,VIC,Male,Remanded,758
2011-03-01,VIC,Male,Remanded,776
2011-06-01,VIC,Male,Remanded,822
2011-09-01,VIC,Male,Remanded,827
2011-12-01,VIC,Male,Remanded,834
2012-03-01,VIC,Male,Remanded,851
2012-06-01,VIC,Male,Remanded,899
2012-09-01,VIC,Male,Remanded,936
2012-12-01,VIC,Male,Remanded,897
2013-03-01,VIC,Male,Remanded,937
2013-06-01,VIC,Male,Remanded,934
2013-09-01,VIC,Male,Remanded,886
2013-12-01,VIC,Male,Remanded,863
2014-03-01,VIC,Male,Remanded,921
2014-06-01,VIC,Male,Remanded,1006
2014-09-01,VIC,Male,Remanded,1112
2014-12-01,VIC,Male,Remanded,1275
2015-03-01,VIC,Male,Remanded,1392
2015-06-01,VIC,Male,Remanded,1357
2015-09-01,VIC,Male,Remanded,1281
2015-12-01,VIC,Male,Remanded,1438
2016-03-01,VIC,Male,Remanded,1588
2016-06-01,VIC,Male,Remanded,1716
2016-09-01,VIC,Male,Remanded,1801
2016-12-01,VIC,Male,Remanded,1915
2005-03-01,VIC,Male,Sentenced,2689
2005-06-01,VIC,Male,Sentenced,2750
2005-09-01,VIC,Male,Sentenced,2828
2005-12-01,VIC,Male,Sentenced,2805
2006-03-01,VIC,Male,Sentenced,2733
2006-06-01,VIC,Male,Sentenced,2849
2006-09-01,VIC,Male,Sentenced,3006
2006-12-01,VIC,Male,Sentenced,3087
2007-03-01,VIC,Male,Sentenced,3080
2007-06-01,VIC,Male,Sentenced,3138
2007-09-01,VIC,Male,Sentenced,3162
2007-12-01,VIC,Male,Sentenced,3237
2008-03-01,VIC,Male,Sentenced,3131
2008-06-01,VIC,Male,Sentenced,3145
2008-09-01,VIC,Male,Sentenced,3269
2008-12-01,VIC,Male,Sentenced,3307
2009-03-01,VIC,Male,Sentenced,3216
2009-06-01,VIC,Male,Sentenced,3242
2009-09-01,VIC,Male,Sentenced,3333
2009-12-01,VIC,Male,Sentenced,3375
2010-03-01,VIC,Male,Sentenced,3394
2010-06-01,VIC,Male,Sentenced,3452
2010-09-01,VIC,Male,Sentenced,3507
2010-12-01,VIC,Male,Sentenced,3536
2011-03-01,VIC,Male,Sentenced,3432
2011-06-01,VIC,Male,Sentenced,3498
2011-09-01,VIC,Male,Sentenced,3613
2011-12-01,VIC,Male,Sentenced,3680
2012-03-01,VIC,Male,Sentenced,3621
2012-06-01,VIC,Male,Sentenced,3666
2012-09-01,VIC,Male,Sentenced,3651
2012-12-01,VIC,Male,Sentenced,3805
2013-03-01,VIC,Male,Sentenced,3898
2013-06-01,VIC,Male,Sentenced,4000
2013-09-01,VIC,Male,Sentenced,4175
2013-12-01,VIC,Male,Sentenced,4461
2014-03-01,VIC,Male,Sentenced,4540
2014-06-01,VIC,Male,Sentenced,4615
2014-09-01,VIC,Male,Sentenced,4682
2014-12-01,VIC,Male,Sentenced,4712
2015-03-01,VIC,Male,Sentenced,4631
2015-06-01,VIC,Male,Sentenced,4505
2015-09-01,VIC,Male,Sentenced,4386
2015-12-01,VIC,Male,Sentenced,4442
2016-03-01,VIC,Male,Sentenced,4363
2016-06-01,VIC,Male,Sentenced,4305
2016-09-01,VIC,Male,Sentenced,4364
2016-12-01,VIC,Male,Sentenced,4418
2005-03-01,WA,Female,Remanded,61
2005-06-01,WA,Female,Remanded,52
2005-09-01,WA,Female,Remanded,49
2005-12-01,WA,Female,Remanded,43
2006-03-01,WA,Female,Remanded,53
2006-06-01,WA,Female,Remanded,53
2006-09-01,WA,Female,Remanded,57
2006-12-01,WA,Female,Remanded,68
2007-03-01,WA,Female,Remanded,72
2007-06-01,WA,Female,Remanded,76
2007-09-01,WA,Female,Remanded,61
2007-12-01,WA,Female,Remanded,54
2008-03-01,WA,Female,Remanded,64
2008-06-01,WA,Female,Remanded,56
2008-09-01,WA,Female,Remanded,74
2008-12-01,WA,Female,Remanded,84
2009-03-01,WA,Female,Remanded,74
2009-06-01,WA,Female,Remanded,67
2009-09-01,WA,Female,Remanded,71
2009-12-01,WA,Female,Remanded,59
2010-03-01,WA,Female,Remanded,65
2010-06-01,WA,Female,Remanded,75
2010-09-01,WA,Female,Remanded,69
2010-12-01,WA,Female,Remanded,63
2011-03-01,WA,Female,Remanded,63
2011-06-01,WA,Female,Remanded,64
2011-09-01,WA,Female,Remanded,59
2011-12-01,WA,Female,Remanded,82
2012-03-01,WA,Female,Remanded,93
2012-06-01,WA,Female,Remanded,95
2012-09-01,WA,Female,Remanded,97
2012-12-01,WA,Female,Remanded,98
2013-03-01,WA,Female,Remanded,109
2013-06-01,WA,Female,Remanded,105
2013-09-01,WA,Female,Remanded,100
2013-12-01,WA,Female,Remanded,93
2014-03-01,WA,Female,Remanded,108
2014-06-01,WA,Female,Remanded,123
2014-09-01,WA,Female,Remanded,135
2014-12-01,WA,Female,Remanded,147
2015-03-01,WA,Female,Remanded,156
2015-06-01,WA,Female,Remanded,147
2015-09-01,WA,Female,Remanded,141
2015-12-01,WA,Female,Remanded,160
2016-03-01,WA,Female,Remanded,171
2016-06-01,WA,Female,Remanded,206
2016-09-01,WA,Female,Remanded,226
2016-12-01,WA,Female,Remanded,208
2005-03-01,WA,Female,Sentenced,210
2005-06-01,WA,Female,Sentenced,216
2005-09-01,WA,Female,Sentenced,201
2005-12-01,WA,Female,Sentenced,193
2006-03-01,WA,Female,Sentenced,194
2006-06-01,WA,Female,Sentenced,195
2006-09-01,WA,Female,Sentenced,201
2006-12-01,WA,Female,Sentenced,213
2007-03-01,WA,Female,Sentenced,217
2007-06-01,WA,Female,Sentenced,243
2007-09-01,WA,Female,Sentenced,261
2007-12-01,WA,Female,Sentenced,264
2008-03-01,WA,Female,Sentenced,233
2008-06-01,WA,Female,Sentenced,202
2008-09-01,WA,Female,Sentenced,207
2008-12-01,WA,Female,Sentenced,222
2009-03-01,WA,Female,Sentenced,229
2009-06-01,WA,Female,Sentenced,256
2009-09-01,WA,Female,Sentenced,290
2009-12-01,WA,Female,Sentenced,321
2010-03-01,WA,Female,Sentenced,323
2010-06-01,WA,Female,Sentenced,328
2010-09-01,WA,Female,Sentenced,335
2010-12-01,WA,Female,Sentenced,316
2011-03-01,WA,Female,Sentenced,307
2011-06-01,WA,Female,Sentenced,297
2011-09-01,WA,Female,Sentenced,284
2011-12-01,WA,Female,Sentenced,283
2012-03-01,WA,Female,Sentenced,296
2012-06-01,WA,Female,Sentenced,325
2012-09-01,WA,Female,Sentenced,335
2012-12-01,WA,Female,Sentenced,342
2013-03-01,WA,Female,Sentenced,348
2013-06-01,WA,Female,Sentenced,343
2013-09-01,WA,Female,Sentenced,349
2013-12-01,WA,Female,Sentenced,357
2014-03-01,WA,Female,Sentenced,362
2014-06-01,WA,Female,Sentenced,353
2014-09-01,WA,Female,Sentenced,351
2014-12-01,WA,Female,Sentenced,370
2015-03-01,WA,Female,Sentenced,376
2015-06-01,WA,Female,Sentenced,380
2015-09-01,WA,Female,Sentenced,373
2015-12-01,WA,Female,Sentenced,357
2016-03-01,WA,Female,Sentenced,367
2016-06-01,WA,Female,Sentenced,401
2016-09-01,WA,Female,Sentenced,396
2016-12-01,WA,Female,Sentenced,404
2005-03-01,WA,Male,Remanded,495
2005-06-01,WA,Male,Remanded,518
2005-09-01,WA,Male,Remanded,504
2005-12-01,WA,Male,Remanded,488
2006-03-01,WA,Male,Remanded,530
2006-06-01,WA,Male,Remanded,544
2006-09-01,WA,Male,Remanded,543
2006-12-01,WA,Male,Remanded,565
2007-03-01,WA,Male,Remanded,598
2007-06-01,WA,Male,Remanded,604
2007-09-01,WA,Male,Remanded,640
2007-12-01,WA,Male,Remanded,622
2008-03-01,WA,Male,Remanded,658
2008-06-01,WA,Male,Remanded,701
2008-09-01,WA,Male,Remanded,716
2008-12-01,WA,Male,Remanded,654
2009-03-01,WA,Male,Remanded,614
2009-06-01,WA,Male,Remanded,678
2009-09-01,WA,Male,Remanded,639
2009-12-01,WA,Male,Remanded,668
2010-03-01,WA,Male,Remanded,670
2010-06-01,WA,Male,Remanded,753
2010-09-01,WA,Male,Remanded,696
2010-12-01,WA,Male,Remanded,689
2011-03-01,WA,Male,Remanded,763
2011-06-01,WA,Male,Remanded,797
2011-09-01,WA,Male,Remanded,782
2011-12-01,WA,Male,Remanded,814
2012-03-01,WA,Male,Remanded,871
2012-06-01,WA,Male,Remanded,888
2012-09-01,WA,Male,Remanded,881
2012-12-01,WA,Male,Remanded,873
2013-03-01,WA,Male,Remanded,907
2013-06-01,WA,Male,Remanded,955
2013-09-01,WA,Male,Remanded,874
2013-12-01,WA,Male,Remanded,882
2014-03-01,WA,Male,Remanded,911
2014-06-01,WA,Male,Remanded,1012
2014-09-01,WA,Male,Remanded,1043
2014-12-01,WA,Male,Remanded,1065
2015-03-01,WA,Male,Remanded,1073
2015-06-01,WA,Male,Remanded,1135
2015-09-01,WA,Male,Remanded,1191
2015-12-01,WA,Male,Remanded,1314
2016-03-01,WA,Male,Remanded,1425
2016-06-01,WA,Male,Remanded,1566
2016-09-01,WA,Male,Remanded,1623
2016-12-01,WA,Male,Remanded,1608
2005-03-01,WA,Male,Sentenced,2644
2005-06-01,WA,Male,Sentenced,2765
2005-09-01,WA,Male,Sentenced,2662
2005-12-01,WA,Male,Sentenced,2669
2006-03-01,WA,Male,Sentenced,2657
2006-06-01,WA,Male,Sentenced,2686
2006-09-01,WA,Male,Sentenced,2733
2006-12-01,WA,Male,Sentenced,2745
2007-03-01,WA,Male,Sentenced,2684
2007-06-01,WA,Male,Sentenced,2793
2007-09-01,WA,Male,Sentenced,2878
2007-12-01,WA,Male,Sentenced,2951
2008-03-01,WA,Male,Sentenced,2793
2008-06-01,WA,Male,Sentenced,2763
2008-09-01,WA,Male,Sentenced,2830
2008-12-01,WA,Male,Sentenced,2987
2009-03-01,WA,Male,Sentenced,3062
2009-06-01,WA,Male,Sentenced,3175
2009-09-01,WA,Male,Sentenced,3530
2009-12-01,WA,Male,Sentenced,3723
2010-03-01,WA,Male,Sentenced,3768
2010-06-01,WA,Male,Sentenced,3682
2010-09-01,WA,Male,Sentenced,3633
2010-12-01,WA,Male,Sentenced,3504
2011-03-01,WA,Male,Sentenced,3464
2011-06-01,WA,Male,Sentenced,3506
2011-09-01,WA,Male,Sentenced,3507
2011-12-01,WA,Male,Sentenced,3546
2012-03-01,WA,Male,Sentenced,3578
2012-06-01,WA,Male,Sentenced,3647
2012-09-01,WA,Male,Sentenced,3627
2012-12-01,WA,Male,Sentenced,3604
2013-03-01,WA,Male,Sentenced,3599
2013-06-01,WA,Male,Sentenced,3584
2013-09-01,WA,Male,Sentenced,3615
2013-12-01,WA,Male,Sentenced,3614
2014-03-01,WA,Male,Sentenced,3635
2014-06-01,WA,Male,Sentenced,3692
2014-09-01,WA,Male,Sentenced,3726
2014-12-01,WA,Male,Sentenced,3780
2015-03-01,WA,Male,Sentenced,3833
2015-06-01,WA,Male,Sentenced,3843
2015-09-01,WA,Male,Sentenced,3864
2015-12-01,WA,Male,Sentenced,3894
2016-03-01,WA,Male,Sentenced,3876
2016-06-01,WA,Male,Sentenced,3969
2016-09-01,WA,Male,Sentenced,4076
2016-12-01,WA,Male,Sentenced,4088
