Date,State,Gender,Legal,count
2005-03-01,ACT,Female,Remanded,9.0
2005-06-01,ACT,Female,Remanded,5.0
2005-09-01,ACT,Female,Remanded,0.0
2005-12-01,ACT,Female,Remanded,6.0
2006-03-01,ACT,Female,Remanded,6.0
2006-06-01,ACT,Female,Remanded,3.0
2006-09-01,ACT,Female,Remanded,8.0
2006-12-01,ACT,Female,Remanded,7.0
2007-03-01,ACT,Female,Remanded,2.0
2007-06-01,ACT,Female,Remanded,5.0
2007-09-01,ACT,Female,Remanded,4.0
2007-12-01,ACT,Female,Remanded,6.0
2008-03-01,ACT,Female,Remanded,8.0
2008-06-01,ACT,Female,Remanded,0.0
2008-09-01,ACT,Female,Remanded,8.0
2008-12-01,ACT,Female,Remanded,10.0
2009-03-01,ACT,Female,Remanded,11.0
2009-06-01,ACT,Female,Remanded,5.0
2009-09-01,ACT,Female,Remanded,3.0
2009-12-01,ACT,Female,Remanded,6.0
2010-03-01,ACT,Female,Remanded,5.0
2010-06-01,ACT,Female,Remanded,13.0
2010-09-01,ACT,Female,Remanded,9.0
2010-12-01,ACT,Female,Remanded,7.0
2011-03-01,ACT,Female,Remanded,8.0
2011-06-01,ACT,Female,Remanded,6.0
2011-09-01,ACT,Female,Remanded,8.0
2011-12-01,ACT,Female,Remanded,3.0
2012-03-01,ACT,Female,Remanded,4.0
2012-06-01,ACT,Female,Remanded,3.0
2012-09-01,ACT,Female,Remanded,4.0
2012-12-01,ACT,Female,Remanded,4.0
2013-03-01,ACT,Female,Remanded,4.0
2013-06-01,ACT,Female,Remanded,5.0
2013-09-01,ACT,Female,Remanded,1.0
2013-12-01,ACT,Female,Remanded,5.0
2014-03-01,ACT,Female,Remanded,5.0
2014-06-01,ACT,Female,Remanded,14.0
2014-09-01,ACT,Female,Remanded,4.0
2014-12-01,ACT,Female,Remanded,0.0
2015-03-01,ACT,Female,Remanded,6.0
2015-06-01,ACT,Female,Remanded,6.0
2015-09-01,ACT,Female,Remanded,4.0
2015-12-01,ACT,Female,Remanded,11.0
2016-03-01,ACT,Female,Remanded,14.0
2016-06-01,ACT,Female,Remanded,9.0
2016-09-01,ACT,Female,Remanded,8.0
2016-12-01,ACT,Female,Remanded,12.0
2005-03-01,ACT,Female,Sentenced,4.0
2005-06-01,ACT,Female,Sentenced,6.0
2005-09-01,ACT,Female,Sentenced,3.0
2005-12-01,ACT,Female,Sentenced,7.0
2006-03-01,ACT,Female,Sentenced,8.0
2006-06-01,ACT,Female,Sentenced,12.0
2006-09-01,ACT,Female,Sentenced,4.0
2006-12-01,ACT,Female,Sentenced,2.0
2007-03-01,ACT,Female,Sentenced,8.0
2007-06-01,ACT,Female,Sentenced,5.0
2007-09-01,ACT,Female,Sentenced,9.0
2007-12-01,ACT,Female,Sentenced,9.0
2008-03-01,ACT,Female,Sentenced,8.0
2008-06-01,ACT,Female,Sentenced,9.0
2008-09-01,ACT,Female,Sentenced,4.0
2008-12-01,ACT,Female,Sentenced,1.0
2009-03-01,ACT,Female,Sentenced,1.0
2009-06-01,ACT,Female,Sentenced,12.0
2009-09-01,ACT,Female,Sentenced,2.0
2009-12-01,ACT,Female,Sentenced,8.0
2010-03-01,ACT,Female,Sentenced,6.0
2010-06-01,ACT,Female,Sentenced,9.0
2010-09-01,ACT,Female,Sentenced,6.0
2010-12-01,ACT,Female,Sentenced,8.0
2011-03-01,ACT,Female,Sentenced,5.0
2011-06-01,ACT,Female,Sentenced,9.0
2011-09-01,ACT,Female,Sentenced,10.0
2011-12-01,ACT,Female,Sentenced,4.0
2012-03-01,ACT,Female,Sentenced,5.0
2012-06-01,ACT,Female,Sentenced,5.0
2012-09-01,ACT,Female,Sentenced,9.0
2012-12-01,ACT,Female,Sentenced,9.0
2013-03-01,ACT,Female,Sentenced,6.0
2013-06-01,ACT,Female,Sentenced,8.0
2013-09-01,ACT,Female,Sentenced,12.0
2013-12-01,ACT,Female,Sentenced,11.0
2014-03-01,ACT,Female,Sentenced,12.0
2014-06-01,ACT,Female,Sentenced,18.0
2014-09-01,ACT,Female,Sentenced,14.0
2014-12-01,ACT,Female,Sentenced,11.0
2015-03-01,ACT,Female,Sentenced,12.0
2015-06-01,ACT,Female,Sentenced,10.0
2015-09-01,ACT,Female,Sentenced,9.0
2015-12-01,ACT,Female,Sentenced,9.0
2016-03-01,ACT,Female,Sentenced,13.0
2016-06-01,ACT,Female,Sentenced,13.0
2016-09-01,ACT,Female,Sentenced,17.0
2016-12-01,ACT,Female,Sentenced,12.0
2005-03-01,ACT,Male,Remanded,73.0
2005-06-01,ACT,Male,Remanded,59.0
2005-09-01,ACT,Male,Remanded,52.0
2005-12-01,ACT,Male,Remanded,60.0
2006-03-01,ACT,Male,Remanded,60.0
2006-06-01,ACT,Male,Remanded,59.0
2006-09-01,ACT,Male,Remanded,54.0
2006-12-01,ACT,Male,Remanded,50.0
2007-03-01,ACT,Male,Remanded,54.0
2007-06-01,ACT,Male,Remanded,58.0
2007-09-01,ACT,Male,Remanded,57.0
2007-12-01,ACT,Male,Remanded,59.0
2008-03-01,ACT,Male,Remanded,71.0
2008-06-01,ACT,Male,Remanded,74.0
2008-09-01,ACT,Male,Remanded,87.0
2008-12-01,ACT,Male,Remanded,91.0
2009-03-01,ACT,Male,Remanded,104.0
2009-06-01,ACT,Male,Remanded,55.0
2009-09-01,ACT,Male,Remanded,58.0
2009-12-01,ACT,Male,Remanded,45.0
2010-03-01,ACT,Male,Remanded,66.0
2010-06-01,ACT,Male,Remanded,76.0
2010-09-01,ACT,Male,Remanded,62.0
2010-12-01,ACT,Male,Remanded,64.0
2011-03-01,ACT,Male,Remanded,77.0
2011-06-01,ACT,Male,Remanded,72.0
2011-09-01,ACT,Male,Remanded,66.0
2011-12-01,ACT,Male,Remanded,93.0
2012-03-01,ACT,Male,Remanded,93.0
2012-06-01,ACT,Male,Remanded,87.0
2012-09-01,ACT,Male,Remanded,84.0
2012-12-01,ACT,Male,Remanded,75.0
2013-03-01,ACT,Male,Remanded,61.0
2013-06-01,ACT,Male,Remanded,83.0
2013-09-01,ACT,Male,Remanded,72.0
2013-12-01,ACT,Male,Remanded,84.0
2014-03-01,ACT,Male,Remanded,82.0
2014-06-01,ACT,Male,Remanded,104.0
2014-09-01,ACT,Male,Remanded,87.0
2014-12-01,ACT,Male,Remanded,82.0
2015-03-01,ACT,Male,Remanded,86.0
2015-06-01,ACT,Male,Remanded,119.0
2015-09-01,ACT,Male,Remanded,97.0
2015-12-01,ACT,Male,Remanded,113.0
2016-03-01,ACT,Male,Remanded,114.0
2016-06-01,ACT,Male,Remanded,133.0
2016-09-01,ACT,Male,Remanded,142.0
2016-12-01,ACT,Male,Remanded,158.0
2005-03-01,ACT,Male,Sentenced,94.0
2005-06-01,ACT,Male,Sentenced,88.0
2005-09-01,ACT,Male,Sentenced,119.0
2005-12-01,ACT,Male,Sentenced,139.0
2006-03-01,ACT,Male,Sentenced,104.0
2006-06-01,ACT,Male,Sentenced,68.0
2006-09-01,ACT,Male,Sentenced,90.0
2006-12-01,ACT,Male,Sentenced,147.0
2007-03-01,ACT,Male,Sentenced,77.0
2007-06-01,ACT,Male,Sentenced,111.0
2007-09-01,ACT,Male,Sentenced,15.0
2007-12-01,ACT,Male,Sentenced,126.0
2008-03-01,ACT,Male,Sentenced,55.0
2008-06-01,ACT,Male,Sentenced,102.0
2008-09-01,ACT,Male,Sentenced,21.0
2008-12-01,ACT,Male,Sentenced,14.0
2009-03-01,ACT,Male,Sentenced,67.0
2009-06-01,ACT,Male,Sentenced,62.0
2009-09-01,ACT,Male,Sentenced,88.0
2009-12-01,ACT,Male,Sentenced,92.0
2010-03-01,ACT,Male,Sentenced,107.0
2010-06-01,ACT,Male,Sentenced,134.0
2010-09-01,ACT,Male,Sentenced,217.0
2010-12-01,ACT,Male,Sentenced,111.0
2011-03-01,ACT,Male,Sentenced,182.0
2011-06-01,ACT,Male,Sentenced,144.0
2011-09-01,ACT,Male,Sentenced,156.0
2011-12-01,ACT,Male,Sentenced,117.0
2012-03-01,ACT,Male,Sentenced,166.0
2012-06-01,ACT,Male,Sentenced,204.0
2012-09-01,ACT,Male,Sentenced,181.0
2012-12-01,ACT,Male,Sentenced,139.0
2013-03-01,ACT,Male,Sentenced,156.0
2013-06-01,ACT,Male,Sentenced,163.0
2013-09-01,ACT,Male,Sentenced,207.0
2013-12-01,ACT,Male,Sentenced,222.0
2014-03-01,ACT,Male,Sentenced,264.0
2014-06-01,ACT,Male,Sentenced,303.0
2014-09-01,ACT,Male,Sentenced,204.0
2014-12-01,ACT,Male,Sentenced,239.0
2015-03-01,ACT,Male,Sentenced,202.0
2015-06-01,ACT,Male,Sentenced,200.0
2015-09-01,ACT,Male,Sentenced,286.0
2015-12-01,ACT,Male,Sentenced,278.0
2016-03-01,ACT,Male,Sentenced,294.0
2016-06-01,ACT,Male,Sentenced,217.0
2016-09-01,ACT,Male,Sentenced,262.0
2016-12-01,ACT,Male,Sentenced,231.0
2005-03-01,NSW,Female,Remanded,139.0
2005-06-01,NSW,Female,Remanded,225.0
2005-09-01,NSW,Female,Remanded,138.0
2005-12-01,NSW,Female,Remanded,159.0
2006-03-01,NSW,Female,Remanded,247.0
2006-06-01,NSW,Female,Remanded,172.0
2006-09-01,NSW,Female,Remanded,183.0
2006-12-01,NSW,Female,Remanded,256.0
2007-03-01,NSW,Female,Remanded,209.0
2007-06-01,NSW,Female,Remanded,173.0
2007-09-01,NSW,Female,Remanded,229.0
2007-12-01,NSW,Female,Remanded,232.0
2008-03-01,NSW,Female,Remanded,177.0
2008-06-01,NSW,Female,Remanded,250.0
2008-09-01,NSW,Female,Remanded,223.0
2008-12-01,NSW,Female,Remanded,202.0
2009-03-01,NSW,Female,Remanded,246.0
2009-06-01,NSW,Female,Remanded,192.0
2009-09-01,NSW,Female,Remanded,247.0
2009-12-01,NSW,Female,Remanded,213.0
2010-03-01,NSW,Female,Remanded,225.0
2010-06-01,NSW,Female,Remanded,226.0
2010-09-01,NSW,Female,Remanded,196.0
2010-12-01,NSW,Female,Remanded,175.0
2011-03-01,NSW,Female,Remanded,191.0
2011-06-01,NSW,Female,Remanded,193.0
2011-09-01,NSW,Female,Remanded,184.0
2011-12-01,NSW,Female,Remanded,162.0
2012-03-01,NSW,Female,Remanded,195.0
2012-06-01,NSW,Female,Remanded,189.0
2012-09-01,NSW,Female,Remanded,200.0
2012-12-01,NSW,Female,Remanded,219.0
2013-03-01,NSW,Female,Remanded,186.0
2013-06-01,NSW,Female,Remanded,277.0
2013-09-01,NSW,Female,Remanded,186.0
2013-12-01,NSW,Female,Remanded,286.0
2014-03-01,NSW,Female,Remanded,250.0
2014-06-01,NSW,Female,Remanded,254.0
2014-09-01,NSW,Female,Remanded,172.0
2014-12-01,NSW,Female,Remanded,243.0
2015-03-01,NSW,Female,Remanded,289.0
2015-06-01,NSW,Female,Remanded,230.0
2015-09-01,NSW,Female,Remanded,298.0
2015-12-01,NSW,Female,Remanded,304.0
2016-03-01,NSW,Female,Remanded,394.0
2016-06-01,NSW,Female,Remanded,390.0
2016-09-01,NSW,Female,Remanded,399.0
2016-12-01,NSW,Female,Remanded,412.0
2005-03-01,NSW,Female,Sentenced,484.0
2005-06-01,NSW,Female,Sentenced,493.0
2005-09-01,NSW,Female,Sentenced,477.0
2005-12-01,NSW,Female,Sentenced,446.0
2006-03-01,NSW,Female,Sentenced,427.0
2006-06-01,NSW,Female,Sentenced,465.0
2006-09-01,NSW,Female,Sentenced,500.0
2006-12-01,NSW,Female,Sentenced,481.0
2007-03-01,NSW,Female,Sentenced,454.0
2007-06-01,NSW,Female,Sentenced,516.0
2007-09-01,NSW,Female,Sentenced,468.0
2007-12-01,NSW,Female,Sentenced,459.0
2008-03-01,NSW,Female,Sentenced,417.0
2008-06-01,NSW,Female,Sentenced,467.0
2008-09-01,NSW,Female,Sentenced,510.0
2008-12-01,NSW,Female,Sentenced,524.0
2009-03-01,NSW,Female,Sentenced,488.0
2009-06-01,NSW,Female,Sentenced,525.0
2009-09-01,NSW,Female,Sentenced,549.0
2009-12-01,NSW,Female,Sentenced,591.0
2010-03-01,NSW,Female,Sentenced,542.0
2010-06-01,NSW,Female,Sentenced,568.0
2010-09-01,NSW,Female,Sentenced,597.0
2010-12-01,NSW,Female,Sentenced,525.0
2011-03-01,NSW,Female,Sentenced,496.0
2011-06-01,NSW,Female,Sentenced,442.0
2011-09-01,NSW,Female,Sentenced,483.0
2011-12-01,NSW,Female,Sentenced,468.0
2012-03-01,NSW,Female,Sentenced,440.0
2012-06-01,NSW,Female,Sentenced,463.0
2012-09-01,NSW,Female,Sentenced,411.0
2012-12-01,NSW,Female,Sentenced,418.0
2013-03-01,NSW,Female,Sentenced,466.0
2013-06-01,NSW,Female,Sentenced,470.0
2013-09-01,NSW,Female,Sentenced,465.0
2013-12-01,NSW,Female,Sentenced,477.0
2014-03-01,NSW,Female,Sentenced,476.0
2014-06-01,NSW,Female,Sentenced,486.0
2014-09-01,NSW,Female,Sentenced,514.0
2014-12-01,NSW,Female,Sentenced,484.0
2015-03-01,NSW,Female,Sentenced,484.0
2015-06-01,NSW,Female,Sentenced,553.0
2015-09-01,NSW,Female,Sentenced,558.0
2015-12-01,NSW,Female,Sentenced,566.0
2016-03-01,NSW,Female,Sentenced,555.0
2016-06-01,NSW,Female,Sentenced,533.0
2016-09-01,NSW,Female,Sentenced,557.0
2016-12-01,NSW,Female,Sentenced,556.0
2005-03-01,NSW,Male,Remanded,2183.0
2005-06-01,NSW,Male,Remanded,1737.0
2005-09-01,NSW,Male,Remanded,1398.0
2005-12-01,NSW,Male,Remanded,1839.0
2006-03-01,NSW,Male,Remanded,2023.0
2006-06-01,NSW,Male,Remanded,1567.0
2006-09-01,NSW,Male,Remanded,1527.0
2006-12-01,NSW,Male,Remanded,1777.0
2007-03-01,NSW,Male,Remanded,2587.0
2007-06-01,NSW,Male,Remanded,2025.0
2007-09-01,NSW,Male,Remanded,2353.0
2007-12-01,NSW,Male,Remanded,2390.0
2008-03-01,NSW,Male,Remanded,1941.0
2008-06-01,NSW,Male,Remanded,2772.0
2008-09-01,NSW,Male,Remanded,2333.0
2008-12-01,NSW,Male,Remanded,2540.0
2009-03-01,NSW,Male,Remanded,2216.0
2009-06-01,NSW,Male,Remanded,2681.0
2009-09-01,NSW,Male,Remanded,2790.0
2009-12-01,NSW,Male,Remanded,2521.0
2010-03-01,NSW,Male,Remanded,2024.0
2010-06-01,NSW,Male,Remanded,2544.0
2010-09-01,NSW,Male,Remanded,2445.0
2010-12-01,NSW,Male,Remanded,2700.0
2011-03-01,NSW,Male,Remanded,3250.0
2011-06-01,NSW,Male,Remanded,2870.0
2011-09-01,NSW,Male,Remanded,2660.0
2011-12-01,NSW,Male,Remanded,2725.0
2012-03-01,NSW,Male,Remanded,1935.0
2012-06-01,NSW,Male,Remanded,2211.0
2012-09-01,NSW,Male,Remanded,2317.0
2012-12-01,NSW,Male,Remanded,2790.0
2013-03-01,NSW,Male,Remanded,2796.0
2013-06-01,NSW,Male,Remanded,2713.0
2013-09-01,NSW,Male,Remanded,2725.0
2013-12-01,NSW,Male,Remanded,2232.0
2014-03-01,NSW,Male,Remanded,2830.0
2014-06-01,NSW,Male,Remanded,3415.0
2014-09-01,NSW,Male,Remanded,2608.0
2014-12-01,NSW,Male,Remanded,2557.0
2015-03-01,NSW,Male,Remanded,2651.0
2015-06-01,NSW,Male,Remanded,3114.0
2015-09-01,NSW,Male,Remanded,3086.0
2015-12-01,NSW,Male,Remanded,3733.0
2016-03-01,NSW,Male,Remanded,3850.0
2016-06-01,NSW,Male,Remanded,4096.0
2016-09-01,NSW,Male,Remanded,3967.0
2016-12-01,NSW,Male,Remanded,3974.0
2005-03-01,NSW,Male,Sentenced,6501.0
2005-06-01,NSW,Male,Sentenced,6248.0
2005-09-01,NSW,Male,Sentenced,6445.0
2005-12-01,NSW,Male,Sentenced,6309.0
2006-03-01,NSW,Male,Sentenced,6526.0
2006-06-01,NSW,Male,Sentenced,7037.0
2006-09-01,NSW,Male,Sentenced,6963.0
2006-12-01,NSW,Male,Sentenced,6602.0
2007-03-01,NSW,Male,Sentenced,6540.0
2007-06-01,NSW,Male,Sentenced,6888.0
2007-09-01,NSW,Male,Sentenced,6435.0
2007-12-01,NSW,Male,Sentenced,6453.0
2008-03-01,NSW,Male,Sentenced,7211.0
2008-06-01,NSW,Male,Sentenced,6773.0
2008-09-01,NSW,Male,Sentenced,7165.0
2008-12-01,NSW,Male,Sentenced,6720.0
2009-03-01,NSW,Male,Sentenced,6768.0
2009-06-01,NSW,Male,Sentenced,7646.0
2009-09-01,NSW,Male,Sentenced,7084.0
2009-12-01,NSW,Male,Sentenced,7314.0
2010-03-01,NSW,Male,Sentenced,6583.0
2010-06-01,NSW,Male,Sentenced,7057.0
2010-09-01,NSW,Male,Sentenced,6987.0
2010-12-01,NSW,Male,Sentenced,6877.0
2011-03-01,NSW,Male,Sentenced,6686.0
2011-06-01,NSW,Male,Sentenced,6930.0
2011-09-01,NSW,Male,Sentenced,6220.0
2011-12-01,NSW,Male,Sentenced,6683.0
2012-03-01,NSW,Male,Sentenced,6643.0
2012-06-01,NSW,Male,Sentenced,6625.0
2012-09-01,NSW,Male,Sentenced,6615.0
2012-12-01,NSW,Male,Sentenced,6450.0
2013-03-01,NSW,Male,Sentenced,6450.0
2013-06-01,NSW,Male,Sentenced,6679.0
2013-09-01,NSW,Male,Sentenced,6308.0
2013-12-01,NSW,Male,Sentenced,6951.0
2014-03-01,NSW,Male,Sentenced,6861.0
2014-06-01,NSW,Male,Sentenced,7266.0
2014-09-01,NSW,Male,Sentenced,7484.0
2014-12-01,NSW,Male,Sentenced,7204.0
2015-03-01,NSW,Male,Sentenced,7042.0
2015-06-01,NSW,Male,Sentenced,7430.0
2015-09-01,NSW,Male,Sentenced,7520.0
2015-12-01,NSW,Male,Sentenced,7789.0
2016-03-01,NSW,Male,Sentenced,7896.0
2016-06-01,NSW,Male,Sentenced,7658.0
2016-09-01,NSW,Male,Sentenced,7946.0
2016-12-01,NSW,Male,Sentenced,7869.0
2005-03-01,NT,Female,Remanded,10.0
2005-06-01,NT,Female,Remanded,0.0
2005-09-01,NT,Female,Remanded,12.0
2005-12-01,NT,Female,Remanded,12.0
2006-03-01,NT,Female,Remanded,17.0
2006-06-01,NT,Female,Remanded,21.0
2006-09-01,NT,Female,Remanded,10.0
2006-12-01,NT,Female,Remanded,11.0
2007-03-01,NT,Female,Remanded,23.0
2007-06-01,NT,Female,Remanded,13.0
2007-09-01,NT,Female,Remanded,7.0
2007-12-01,NT,Female,Remanded,10.0
2008-03-01,NT,Female,Remanded,5.0
2008-06-01,NT,Female,Remanded,11.0
2008-09-01,NT,Female,Remanded,2.0
2008-12-01,NT,Female,Remanded,19.0
2009-03-01,NT,Female,Remanded,14.0
2009-06-01,NT,Female,Remanded,15.0
2009-09-01,NT,Female,Remanded,4.0
2009-12-01,NT,Female,Remanded,13.0
2010-03-01,NT,Female,Remanded,15.0
2010-06-01,NT,Female,Remanded,13.0
2010-09-01,NT,Female,Remanded,17.0
2010-12-01,NT,Female,Remanded,3.0
2011-03-01,NT,Female,Remanded,2.0
2011-06-01,NT,Female,Remanded,18.0
2011-09-01,NT,Female,Remanded,20.0
2011-12-01,NT,Female,Remanded,10.0
2012-03-01,NT,Female,Remanded,34.0
2012-06-01,NT,Female,Remanded,13.0
2012-09-01,NT,Female,Remanded,30.0
2012-12-01,NT,Female,Remanded,25.0
2013-03-01,NT,Female,Remanded,33.0
2013-06-01,NT,Female,Remanded,27.0
2013-09-01,NT,Female,Remanded,41.0
2013-12-01,NT,Female,Remanded,34.0
2014-03-01,NT,Female,Remanded,63.0
2014-06-01,NT,Female,Remanded,35.0
2014-09-01,NT,Female,Remanded,36.0
2014-12-01,NT,Female,Remanded,41.0
2015-03-01,NT,Female,Remanded,49.0
2015-06-01,NT,Female,Remanded,49.0
2015-09-01,NT,Female,Remanded,47.0
2015-12-01,NT,Female,Remanded,58.0
2016-03-01,NT,Female,Remanded,39.0
2016-06-01,NT,Female,Remanded,43.0
2016-09-01,NT,Female,Remanded,41.0
2016-12-01,NT,Female,Remanded,46.0
2005-03-01,NT,Female,Sentenced,9.0
2005-06-01,NT,Female,Sentenced,19.0
2005-09-01,NT,Female,Sentenced,21.0
2005-12-01,NT,Female,Sentenced,0.0
2006-03-01,NT,Female,Sentenced,21.0
2006-06-01,NT,Female,Sentenced,28.0
2006-09-01,NT,Female,Sentenced,25.0
2006-12-01,NT,Female,Sentenced,0.0
2007-03-01,NT,Female,Sentenced,38.0
2007-06-01,NT,Female,Sentenced,65.0
2007-09-01,NT,Female,Sentenced,43.0
2007-12-01,NT,Female,Sentenced,15.0
2008-03-01,NT,Female,Sentenced,24.0
2008-06-01,NT,Female,Sentenced,34.0
2008-09-01,NT,Female,Sentenced,26.0
2008-12-01,NT,Female,Sentenced,21.0
2009-03-01,NT,Female,Sentenced,36.0
2009-06-01,NT,Female,Sentenced,25.0
2009-09-01,NT,Female,Sentenced,14.0
2009-12-01,NT,Female,Sentenced,32.0
2010-03-01,NT,Female,Sentenced,30.0
2010-06-01,NT,Female,Sentenced,42.0
2010-09-01,NT,Female,Sentenced,30.0
2010-12-01,NT,Female,Sentenced,23.0
2011-03-01,NT,Female,Sentenced,34.0
2011-06-01,NT,Female,Sentenced,38.0
2011-09-01,NT,Female,Sentenced,41.0
2011-12-01,NT,Female,Sentenced,38.0
2012-03-01,NT,Female,Sentenced,35.0
2012-06-01,NT,Female,Sentenced,47.0
2012-09-01,NT,Female,Sentenced,68.0
2012-12-01,NT,Female,Sentenced,56.0
2013-03-01,NT,Female,Sentenced,60.0
2013-06-01,NT,Female,Sentenced,84.0
2013-09-01,NT,Female,Sentenced,77.0
2013-12-01,NT,Female,Sentenced,76.0
2014-03-01,NT,Female,Sentenced,68.0
2014-06-01,NT,Female,Sentenced,71.0
2014-09-01,NT,Female,Sentenced,81.0
2014-12-01,NT,Female,Sentenced,59.0
2015-03-01,NT,Female,Sentenced,105.0
2015-06-01,NT,Female,Sentenced,87.0
2015-09-01,NT,Female,Sentenced,120.0
2015-12-01,NT,Female,Sentenced,116.0
2016-03-01,NT,Female,Sentenced,105.0
2016-06-01,NT,Female,Sentenced,91.0
2016-09-01,NT,Female,Sentenced,94.0
2016-12-01,NT,Female,Sentenced,111.0
2005-03-01,NT,Male,Remanded,126.0
2005-06-01,NT,Male,Remanded,135.0
2005-09-01,NT,Male,Remanded,106.0
2005-12-01,NT,Male,Remanded,90.0
2006-03-01,NT,Male,Remanded,188.0
2006-06-01,NT,Male,Remanded,123.0
2006-09-01,NT,Male,Remanded,251.0
2006-12-01,NT,Male,Remanded,269.0
2007-03-01,NT,Male,Remanded,208.0
2007-06-01,NT,Male,Remanded,110.0
2007-09-01,NT,Male,Remanded,76.0
2007-12-01,NT,Male,Remanded,126.0
2008-03-01,NT,Male,Remanded,148.0
2008-06-01,NT,Male,Remanded,205.0
2008-09-01,NT,Male,Remanded,185.0
2008-12-01,NT,Male,Remanded,267.0
2009-03-01,NT,Male,Remanded,293.0
2009-06-01,NT,Male,Remanded,290.0
2009-09-01,NT,Male,Remanded,227.0
2009-12-01,NT,Male,Remanded,328.0
2010-03-01,NT,Male,Remanded,300.0
2010-06-01,NT,Male,Remanded,263.0
2010-09-01,NT,Male,Remanded,267.0
2010-12-01,NT,Male,Remanded,242.0
2011-03-01,NT,Male,Remanded,336.0
2011-06-01,NT,Male,Remanded,317.0
2011-09-01,NT,Male,Remanded,314.0
2011-12-01,NT,Male,Remanded,172.0
2012-03-01,NT,Male,Remanded,311.0
2012-06-01,NT,Male,Remanded,336.0
2012-09-01,NT,Male,Remanded,335.0
2012-12-01,NT,Male,Remanded,301.0
2013-03-01,NT,Male,Remanded,306.0
2013-06-01,NT,Male,Remanded,403.0
2013-09-01,NT,Male,Remanded,271.0
2013-12-01,NT,Male,Remanded,435.0
2014-03-01,NT,Male,Remanded,551.0
2014-06-01,NT,Male,Remanded,352.0
2014-09-01,NT,Male,Remanded,463.0
2014-12-01,NT,Male,Remanded,407.0
2015-03-01,NT,Male,Remanded,427.0
2015-06-01,NT,Male,Remanded,462.0
2015-09-01,NT,Male,Remanded,461.0
2015-12-01,NT,Male,Remanded,441.0
2016-03-01,NT,Male,Remanded,489.0
2016-06-01,NT,Male,Remanded,453.0
2016-09-01,NT,Male,Remanded,375.0
2016-12-01,NT,Male,Remanded,447.0
2005-03-01,NT,Male,Sentenced,661.0
2005-06-01,NT,Male,Sentenced,477.0
2005-09-01,NT,Male,Sentenced,568.0
2005-12-01,NT,Male,Sentenced,604.0
2006-03-01,NT,Male,Sentenced,684.0
2006-06-01,NT,Male,Sentenced,643.0
2006-09-01,NT,Male,Sentenced,561.0
2006-12-01,NT,Male,Sentenced,645.0
2007-03-01,NT,Male,Sentenced,750.0
2007-06-01,NT,Male,Sentenced,664.0
2007-09-01,NT,Male,Sentenced,681.0
2007-12-01,NT,Male,Sentenced,790.0
2008-03-01,NT,Male,Sentenced,716.0
2008-06-01,NT,Male,Sentenced,621.0
2008-09-01,NT,Male,Sentenced,533.0
2008-12-01,NT,Male,Sentenced,728.0
2009-03-01,NT,Male,Sentenced,835.0
2009-06-01,NT,Male,Sentenced,804.0
2009-09-01,NT,Male,Sentenced,720.0
2009-12-01,NT,Male,Sentenced,842.0
2010-03-01,NT,Male,Sentenced,917.0
2010-06-01,NT,Male,Sentenced,807.0
2010-09-01,NT,Male,Sentenced,799.0
2010-12-01,NT,Male,Sentenced,896.0
2011-03-01,NT,Male,Sentenced,836.0
2011-06-01,NT,Male,Sentenced,799.0
2011-09-01,NT,Male,Sentenced,966.0
2011-12-01,NT,Male,Sentenced,1090.0
2012-03-01,NT,Male,Sentenced,938.0
2012-06-01,NT,Male,Sentenced,902.0
2012-09-01,NT,Male,Sentenced,1022.0
2012-12-01,NT,Male,Sentenced,1244.0
2013-03-01,NT,Male,Sentenced,1241.0
2013-06-01,NT,Male,Sentenced,1121.0
2013-09-01,NT,Male,Sentenced,998.0
2013-12-01,NT,Male,Sentenced,1072.0
2014-03-01,NT,Male,Sentenced,895.0
2014-06-01,NT,Male,Sentenced,916.0
2014-09-01,NT,Male,Sentenced,1008.0
2014-12-01,NT,Male,Sentenced,1188.0
2015-03-01,NT,Male,Sentenced,971.0
2015-06-01,NT,Male,Sentenced,1055.0
2015-09-01,NT,Male,Sentenced,1016.0
2015-12-01,NT,Male,Sentenced,995.0
2016-03-01,NT,Male,Sentenced,1018.0
2016-06-01,NT,Male,Sentenced,1163.0
2016-09-01,NT,Male,Sentenced,1010.0
2016-12-01,NT,Male,Sentenced,980.0
2005-03-01,QLD,Female,Remanded,92.0
2005-06-01,QLD,Female,Remanded,69.0
2005-09-01,QLD,Female,Remanded,100.0
2005-12-01,QLD,Female,Remanded,73.0
2006-03-01,QLD,Female,Remanded,84.0
2006-06-01,QLD,Female,Remanded,66.0
2006-09-01,QLD,Female,Remanded,63.0
2006-12-01,QLD,Female,Remanded,83.0
2007-03-01,QLD,Female,Remanded,120.0
2007-06-01,QLD,Female,Remanded,71.0
2007-09-01,QLD,Female,Remanded,87.0
2007-12-01,QLD,Female,Remanded,69.0
2008-03-01,QLD,Female,Remanded,79.0
2008-06-01,QLD,Female,Remanded,148.0
2008-09-01,QLD,Female,Remanded,151.0
2008-12-01,QLD,Female,Remanded,117.0
2009-03-01,QLD,Female,Remanded,85.0
2009-06-01,QLD,Female,Remanded,78.0
2009-09-01,QLD,Female,Remanded,76.0
2009-12-01,QLD,Female,Remanded,98.0
2010-03-01,QLD,Female,Remanded,117.0
2010-06-01,QLD,Female,Remanded,84.0
2010-09-01,QLD,Female,Remanded,76.0
2010-12-01,QLD,Female,Remanded,113.0
2011-03-01,QLD,Female,Remanded,39.0
2011-06-01,QLD,Female,Remanded,92.0
2011-09-01,QLD,Female,Remanded,63.0
2011-12-01,QLD,Female,Remanded,113.0
2012-03-01,QLD,Female,Remanded,56.0
2012-06-01,QLD,Female,Remanded,104.0
2012-09-01,QLD,Female,Remanded,89.0
2012-12-01,QLD,Female,Remanded,101.0
2013-03-01,QLD,Female,Remanded,96.0
2013-06-01,QLD,Female,Remanded,125.0
2013-09-01,QLD,Female,Remanded,140.0
2013-12-01,QLD,Female,Remanded,119.0
2014-03-01,QLD,Female,Remanded,155.0
2014-06-01,QLD,Female,Remanded,145.0
2014-09-01,QLD,Female,Remanded,171.0
2014-12-01,QLD,Female,Remanded,203.0
2015-03-01,QLD,Female,Remanded,106.0
2015-06-01,QLD,Female,Remanded,180.0
2015-09-01,QLD,Female,Remanded,188.0
2015-12-01,QLD,Female,Remanded,219.0
2016-03-01,QLD,Female,Remanded,247.0
2016-06-01,QLD,Female,Remanded,243.0
2016-09-01,QLD,Female,Remanded,260.0
2016-12-01,QLD,Female,Remanded,229.0
2005-03-01,QLD,Female,Sentenced,284.0
2005-06-01,QLD,Female,Sentenced,218.0
2005-09-01,QLD,Female,Sentenced,281.0
2005-12-01,QLD,Female,Sentenced,336.0
2006-03-01,QLD,Female,Sentenced,297.0
2006-06-01,QLD,Female,Sentenced,359.0
2006-09-01,QLD,Female,Sentenced,325.0
2006-12-01,QLD,Female,Sentenced,343.0
2007-03-01,QLD,Female,Sentenced,284.0
2007-06-01,QLD,Female,Sentenced,272.0
2007-09-01,QLD,Female,Sentenced,223.0
2007-12-01,QLD,Female,Sentenced,259.0
2008-03-01,QLD,Female,Sentenced,303.0
2008-06-01,QLD,Female,Sentenced,267.0
2008-09-01,QLD,Female,Sentenced,345.0
2008-12-01,QLD,Female,Sentenced,370.0
2009-03-01,QLD,Female,Sentenced,373.0
2009-06-01,QLD,Female,Sentenced,365.0
2009-09-01,QLD,Female,Sentenced,360.0
2009-12-01,QLD,Female,Sentenced,327.0
2010-03-01,QLD,Female,Sentenced,367.0
2010-06-01,QLD,Female,Sentenced,379.0
2010-09-01,QLD,Female,Sentenced,283.0
2010-12-01,QLD,Female,Sentenced,333.0
2011-03-01,QLD,Female,Sentenced,373.0
2011-06-01,QLD,Female,Sentenced,254.0
2011-09-01,QLD,Female,Sentenced,379.0
2011-12-01,QLD,Female,Sentenced,401.0
2012-03-01,QLD,Female,Sentenced,328.0
2012-06-01,QLD,Female,Sentenced,338.0
2012-09-01,QLD,Female,Sentenced,419.0
2012-12-01,QLD,Female,Sentenced,314.0
2013-03-01,QLD,Female,Sentenced,433.0
2013-06-01,QLD,Female,Sentenced,356.0
2013-09-01,QLD,Female,Sentenced,473.0
2013-12-01,QLD,Female,Sentenced,501.0
2014-03-01,QLD,Female,Sentenced,472.0
2014-06-01,QLD,Female,Sentenced,502.0
2014-09-01,QLD,Female,Sentenced,443.0
2014-12-01,QLD,Female,Sentenced,539.0
2015-03-01,QLD,Female,Sentenced,532.0
2015-06-01,QLD,Female,Sentenced,557.0
2015-09-01,QLD,Female,Sentenced,524.0
2015-12-01,QLD,Female,Sentenced,530.0
2016-03-01,QLD,Female,Sentenced,503.0
2016-06-01,QLD,Female,Sentenced,475.0
2016-09-01,QLD,Female,Sentenced,524.0
2016-12-01,QLD,Female,Sentenced,501.0
2005-03-01,QLD,Male,Remanded,898.0
2005-06-01,QLD,Male,Remanded,939.0
2005-09-01,QLD,Male,Remanded,1026.0
2005-12-01,QLD,Male,Remanded,1162.0
2006-03-01,QLD,Male,Remanded,820.0
2006-06-01,QLD,Male,Remanded,1065.0
2006-09-01,QLD,Male,Remanded,1151.0
2006-12-01,QLD,Male,Remanded,1019.0
2007-03-01,QLD,Male,Remanded,1022.0
2007-06-01,QLD,Male,Remanded,1314.0
2007-09-01,QLD,Male,Remanded,1219.0
2007-12-01,QLD,Male,Remanded,1218.0
2008-03-01,QLD,Male,Remanded,1253.0
2008-06-01,QLD,Male,Remanded,1140.0
2008-09-01,QLD,Male,Remanded,1319.0
2008-12-01,QLD,Male,Remanded,1211.0
2009-03-01,QLD,Male,Remanded,1108.0
2009-06-01,QLD,Male,Remanded,1048.0
2009-09-01,QLD,Male,Remanded,1078.0
2009-12-01,QLD,Male,Remanded,1059.0
2010-03-01,QLD,Male,Remanded,1001.0
2010-06-01,QLD,Male,Remanded,1112.0
2010-09-01,QLD,Male,Remanded,1035.0
2010-12-01,QLD,Male,Remanded,1343.0
2011-03-01,QLD,Male,Remanded,1166.0
2011-06-01,QLD,Male,Remanded,1248.0
2011-09-01,QLD,Male,Remanded,1057.0
2011-12-01,QLD,Male,Remanded,1183.0
2012-03-01,QLD,Male,Remanded,1030.0
2012-06-01,QLD,Male,Remanded,1033.0
2012-09-01,QLD,Male,Remanded,1017.0
2012-12-01,QLD,Male,Remanded,1033.0
2013-03-01,QLD,Male,Remanded,1300.0
2013-06-01,QLD,Male,Remanded,1280.0
2013-09-01,QLD,Male,Remanded,1467.0
2013-12-01,QLD,Male,Remanded,1385.0
2014-03-01,QLD,Male,Remanded,1377.0
2014-06-01,QLD,Male,Remanded,1769.0
2014-09-01,QLD,Male,Remanded,1586.0
2014-12-01,QLD,Male,Remanded,1505.0
2015-03-01,QLD,Male,Remanded,1606.0
2015-06-01,QLD,Male,Remanded,1672.0
2015-09-01,QLD,Male,Remanded,1681.0
2015-12-01,QLD,Male,Remanded,1946.0
2016-03-01,QLD,Male,Remanded,1895.0
2016-06-01,QLD,Male,Remanded,2015.0
2016-09-01,QLD,Male,Remanded,2156.0
2016-12-01,QLD,Male,Remanded,2066.0
2005-03-01,QLD,Male,Sentenced,3705.0
2005-06-01,QLD,Male,Sentenced,4052.0
2005-09-01,QLD,Male,Sentenced,3934.0
2005-12-01,QLD,Male,Sentenced,4175.0
2006-03-01,QLD,Male,Sentenced,3724.0
2006-06-01,QLD,Male,Sentenced,4244.0
2006-09-01,QLD,Male,Sentenced,3995.0
2006-12-01,QLD,Male,Sentenced,4309.0
2007-03-01,QLD,Male,Sentenced,4314.0
2007-06-01,QLD,Male,Sentenced,4013.0
2007-09-01,QLD,Male,Sentenced,3882.0
2007-12-01,QLD,Male,Sentenced,3747.0
2008-03-01,QLD,Male,Sentenced,3681.0
2008-06-01,QLD,Male,Sentenced,4182.0
2008-09-01,QLD,Male,Sentenced,3880.0
2008-12-01,QLD,Male,Sentenced,3947.0
2009-03-01,QLD,Male,Sentenced,4319.0
2009-06-01,QLD,Male,Sentenced,4392.0
2009-09-01,QLD,Male,Sentenced,4219.0
2009-12-01,QLD,Male,Sentenced,4089.0
2010-03-01,QLD,Male,Sentenced,4083.0
2010-06-01,QLD,Male,Sentenced,4244.0
2010-09-01,QLD,Male,Sentenced,4104.0
2010-12-01,QLD,Male,Sentenced,3849.0
2011-03-01,QLD,Male,Sentenced,3544.0
2011-06-01,QLD,Male,Sentenced,4150.0
2011-09-01,QLD,Male,Sentenced,3981.0
2011-12-01,QLD,Male,Sentenced,4425.0
2012-03-01,QLD,Male,Sentenced,4157.0
2012-06-01,QLD,Male,Sentenced,3786.0
2012-09-01,QLD,Male,Sentenced,3852.0
2012-12-01,QLD,Male,Sentenced,4209.0
2013-03-01,QLD,Male,Sentenced,4255.0
2013-06-01,QLD,Male,Sentenced,4611.0
2013-09-01,QLD,Male,Sentenced,4425.0
2013-12-01,QLD,Male,Sentenced,4567.0
2014-03-01,QLD,Male,Sentenced,4877.0
2014-06-01,QLD,Male,Sentenced,4698.0
2014-09-01,QLD,Male,Sentenced,5240.0
2014-12-01,QLD,Male,Sentenced,5119.0
2015-03-01,QLD,Male,Sentenced,4831.0
2015-06-01,QLD,Male,Sentenced,4794.0
2015-09-01,QLD,Male,Sentenced,4892.0
2015-12-01,QLD,Male,Sentenced,4936.0
2016-03-01,QLD,Male,Sentenced,4952.0
2016-06-01,QLD,Male,Sentenced,4924.0
2016-09-01,QLD,Male,Sentenced,4816.0
2016-12-01,QLD,Male,Sentenced,5074.0
2005-03-01,SA,Female,Remanded,34.0
2005-06-01,SA,Female,Remanded,39.0
2005-09-01,SA,Female,Remanded,55.0
2005-12-01,SA,Female,Remanded,35.0
2006-03-01,SA,Female,Remanded,47.0
2006-06-01,SA,Female,Remanded,33.0
2006-09-01,SA,Female,Remanded,10.0
2006-12-01,SA,Female,Remanded,32.0
2007-03-01,SA,Female,Remanded,35.0
2007-06-01,SA,Female,Remanded,49.0
2007-09-01,SA,Female,Remanded,51.0
2007-12-01,SA,Female,Remanded,55.0
2008-03-01,SA,Female,Remanded,60.0
2008-06-01,SA,Female,Remanded,51.0
2008-09-01,SA,Female,Remanded,72.0
2008-12-01,SA,Female,Remanded,54.0
2009-03-01,SA,Female,Remanded,40.0
2009-06-01,SA,Female,Remanded,67.0
2009-09-01,SA,Female,Remanded,50.0
2009-12-01,SA,Female,Remanded,58.0
2010-03-01,SA,Female,Remanded,39.0
2010-06-01,SA,Female,Remanded,70.0
2010-09-01,SA,Female,Remanded,39.0
2010-12-01,SA,Female,Remanded,57.0
2011-03-01,SA,Female,Remanded,28.0
2011-06-01,SA,Female,Remanded,47.0
2011-09-01,SA,Female,Remanded,48.0
2011-12-01,SA,Female,Remanded,58.0
2012-03-01,SA,Female,Remanded,56.0
2012-06-01,SA,Female,Remanded,48.0
2012-09-01,SA,Female,Remanded,52.0
2012-12-01,SA,Female,Remanded,47.0
2013-03-01,SA,Female,Remanded,49.0
2013-06-01,SA,Female,Remanded,67.0
2013-09-01,SA,Female,Remanded,71.0
2013-12-01,SA,Female,Remanded,56.0
2014-03-01,SA,Female,Remanded,62.0
2014-06-01,SA,Female,Remanded,68.0
2014-09-01,SA,Female,Remanded,67.0
2014-12-01,SA,Female,Remanded,90.0
2015-03-01,SA,Female,Remanded,64.0
2015-06-01,SA,Female,Remanded,57.0
2015-09-01,SA,Female,Remanded,79.0
2015-12-01,SA,Female,Remanded,68.0
2016-03-01,SA,Female,Remanded,77.0
2016-06-01,SA,Female,Remanded,102.0
2016-09-01,SA,Female,Remanded,106.0
2016-12-01,SA,Female,Remanded,115.0
2005-03-01,SA,Female,Sentenced,50.0
2005-06-01,SA,Female,Sentenced,59.0
2005-09-01,SA,Female,Sentenced,64.0
2005-12-01,SA,Female,Sentenced,60.0
2006-03-01,SA,Female,Sentenced,59.0
2006-06-01,SA,Female,Sentenced,64.0
2006-09-01,SA,Female,Sentenced,67.0
2006-12-01,SA,Female,Sentenced,60.0
2007-03-01,SA,Female,Sentenced,65.0
2007-06-01,SA,Female,Sentenced,65.0
2007-09-01,SA,Female,Sentenced,64.0
2007-12-01,SA,Female,Sentenced,58.0
2008-03-01,SA,Female,Sentenced,65.0
2008-06-01,SA,Female,Sentenced,54.0
2008-09-01,SA,Female,Sentenced,73.0
2008-12-01,SA,Female,Sentenced,62.0
2009-03-01,SA,Female,Sentenced,92.0
2009-06-01,SA,Female,Sentenced,73.0
2009-09-01,SA,Female,Sentenced,85.0
2009-12-01,SA,Female,Sentenced,72.0
2010-03-01,SA,Female,Sentenced,79.0
2010-06-01,SA,Female,Sentenced,70.0
2010-09-01,SA,Female,Sentenced,69.0
2010-12-01,SA,Female,Sentenced,77.0
2011-03-01,SA,Female,Sentenced,73.0
2011-06-01,SA,Female,Sentenced,80.0
2011-09-01,SA,Female,Sentenced,88.0
2011-12-01,SA,Female,Sentenced,78.0
2012-03-01,SA,Female,Sentenced,75.0
2012-06-01,SA,Female,Sentenced,83.0
2012-09-01,SA,Female,Sentenced,73.0
2012-12-01,SA,Female,Sentenced,90.0
2013-03-01,SA,Female,Sentenced,80.0
2013-06-01,SA,Female,Sentenced,87.0
2013-09-01,SA,Female,Sentenced,85.0
2013-12-01,SA,Female,Sentenced,87.0
2014-03-01,SA,Female,Sentenced,104.0
2014-06-01,SA,Female,Sentenced,94.0
2014-09-01,SA,Female,Sentenced,95.0
2014-12-01,SA,Female,Sentenced,98.0
2015-03-01,SA,Female,Sentenced,95.0
2015-06-01,SA,Female,Sentenced,79.0
2015-09-01,SA,Female,Sentenced,90.0
2015-12-01,SA,Female,Sentenced,89.0
2016-03-01,SA,Female,Sentenced,89.0
2016-06-01,SA,Female,Sentenced,92.0
2016-09-01,SA,Female,Sentenced,86.0
2016-12-01,SA,Female,Sentenced,86.0
2005-03-01,SA,Male,Remanded,409.0
2005-06-01,SA,Male,Remanded,400.0
2005-09-01,SA,Male,Remanded,460.0
2005-12-01,SA,Male,Remanded,512.0
2006-03-01,SA,Male,Remanded,496.0
2006-06-01,SA,Male,Remanded,567.0
2006-09-01,SA,Male,Remanded,406.0
2006-12-01,SA,Male,Remanded,450.0
2007-03-01,SA,Male,Remanded,479.0
2007-06-01,SA,Male,Remanded,694.0
2007-09-01,SA,Male,Remanded,745.0
2007-12-01,SA,Male,Remanded,536.0
2008-03-01,SA,Male,Remanded,731.0
2008-06-01,SA,Male,Remanded,612.0
2008-09-01,SA,Male,Remanded,561.0
2008-12-01,SA,Male,Remanded,603.0
2009-03-01,SA,Male,Remanded,631.0
2009-06-01,SA,Male,Remanded,576.0
2009-09-01,SA,Male,Remanded,625.0
2009-12-01,SA,Male,Remanded,590.0
2010-03-01,SA,Male,Remanded,655.0
2010-06-01,SA,Male,Remanded,666.0
2010-09-01,SA,Male,Remanded,450.0
2010-12-01,SA,Male,Remanded,629.0
2011-03-01,SA,Male,Remanded,547.0
2011-06-01,SA,Male,Remanded,601.0
2011-09-01,SA,Male,Remanded,563.0
2011-12-01,SA,Male,Remanded,670.0
2012-03-01,SA,Male,Remanded,541.0
2012-06-01,SA,Male,Remanded,725.0
2012-09-01,SA,Male,Remanded,718.0
2012-12-01,SA,Male,Remanded,660.0
2013-03-01,SA,Male,Remanded,783.0
2013-06-01,SA,Male,Remanded,663.0
2013-09-01,SA,Male,Remanded,831.0
2013-12-01,SA,Male,Remanded,794.0
2014-03-01,SA,Male,Remanded,794.0
2014-06-01,SA,Male,Remanded,865.0
2014-09-01,SA,Male,Remanded,627.0
2014-12-01,SA,Male,Remanded,870.0
2015-03-01,SA,Male,Remanded,878.0
2015-06-01,SA,Male,Remanded,901.0
2015-09-01,SA,Male,Remanded,868.0
2015-12-01,SA,Male,Remanded,1090.0
2016-03-01,SA,Male,Remanded,889.0
2016-06-01,SA,Male,Remanded,1047.0
2016-09-01,SA,Male,Remanded,1060.0
2016-12-01,SA,Male,Remanded,889.0
2005-03-01,SA,Male,Sentenced,979.0
2005-06-01,SA,Male,Sentenced,857.0
2005-09-01,SA,Male,Sentenced,1030.0
2005-12-01,SA,Male,Sentenced,868.0
2006-03-01,SA,Male,Sentenced,934.0
2006-06-01,SA,Male,Sentenced,914.0
2006-09-01,SA,Male,Sentenced,915.0
2006-12-01,SA,Male,Sentenced,1019.0
2007-03-01,SA,Male,Sentenced,1062.0
2007-06-01,SA,Male,Sentenced,1066.0
2007-09-01,SA,Male,Sentenced,1170.0
2007-12-01,SA,Male,Sentenced,1271.0
2008-03-01,SA,Male,Sentenced,1223.0
2008-06-01,SA,Male,Sentenced,1234.0
2008-09-01,SA,Male,Sentenced,1246.0
2008-12-01,SA,Male,Sentenced,1296.0
2009-03-01,SA,Male,Sentenced,1341.0
2009-06-01,SA,Male,Sentenced,1001.0
2009-09-01,SA,Male,Sentenced,1320.0
2009-12-01,SA,Male,Sentenced,1266.0
2010-03-01,SA,Male,Sentenced,1273.0
2010-06-01,SA,Male,Sentenced,1274.0
2010-09-01,SA,Male,Sentenced,1148.0
2010-12-01,SA,Male,Sentenced,1297.0
2011-03-01,SA,Male,Sentenced,1130.0
2011-06-01,SA,Male,Sentenced,1334.0
2011-09-01,SA,Male,Sentenced,1302.0
2011-12-01,SA,Male,Sentenced,1453.0
2012-03-01,SA,Male,Sentenced,1302.0
2012-06-01,SA,Male,Sentenced,1318.0
2012-09-01,SA,Male,Sentenced,1375.0
2012-12-01,SA,Male,Sentenced,1408.0
2013-03-01,SA,Male,Sentenced,1386.0
2013-06-01,SA,Male,Sentenced,1388.0
2013-09-01,SA,Male,Sentenced,1395.0
2013-12-01,SA,Male,Sentenced,1306.0
2014-03-01,SA,Male,Sentenced,1675.0
2014-06-01,SA,Male,Sentenced,1437.0
2014-09-01,SA,Male,Sentenced,1847.0
2014-12-01,SA,Male,Sentenced,1753.0
2015-03-01,SA,Male,Sentenced,1671.0
2015-06-01,SA,Male,Sentenced,1704.0
2015-09-01,SA,Male,Sentenced,1590.0
2015-12-01,SA,Male,Sentenced,1498.0
2016-03-01,SA,Male,Sentenced,1593.0
2016-06-01,SA,Male,Sentenced,1630.0
2016-09-01,SA,Male,Sentenced,1725.0
2016-12-01,SA,Male,Sentenced,1700.0
2005-03-01,TAS,Female,Remanded,11.0
2005-06-01,TAS,Female,Remanded,8.0
2005-09-01,TAS,Female,Remanded,9.0
2005-12-01,TAS,Female,Remanded,13.0
2006-03-01,TAS,Female,Remanded,13.0
2006-06-01,TAS,Female,Remanded,9.0
2006-09-01,TAS,Female,Remanded,13.0
2006-12-01,TAS,Female,Remanded,14.0
2007-03-01,TAS,Female,Remanded,7.0
2007-06-01,TAS,Female,Remanded,8.0
2007-09-01,TAS,Female,Remanded,8.0
2007-12-01,TAS,Female,Remanded,8.0
2008-03-01,TAS,Female,Remanded,11.0
2008-06-01,TAS,Female,Remanded,12.0
2008-09-01,TAS,Female,Remanded,9.0
2008-12-01,TAS,Female,Remanded,7.0
2009-03-01,TAS,Female,Remanded,10.0
2009-06-01,TAS,Female,Remanded,12.0
2009-09-01,TAS,Female,Remanded,8.0
2009-12-01,TAS,Female,Remanded,9.0
2010-03-01,TAS,Female,Remanded,7.0
2010-06-01,TAS,Female,Remanded,11.0
2010-09-01,TAS,Female,Remanded,6.0
2010-12-01,TAS,Female,Remanded,7.0
2011-03-01,TAS,Female,Remanded,14.0
2011-06-01,TAS,Female,Remanded,6.0
2011-09-01,TAS,Female,Remanded,8.0
2011-12-01,TAS,Female,Remanded,6.0
2012-03-01,TAS,Female,Remanded,11.0
2012-06-01,TAS,Female,Remanded,8.0
2012-09-01,TAS,Female,Remanded,10.0
2012-12-01,TAS,Female,Remanded,7.0
2013-03-01,TAS,Female,Remanded,6.0
2013-06-01,TAS,Female,Remanded,5.0
2013-09-01,TAS,Female,Remanded,3.0
2013-12-01,TAS,Female,Remanded,7.0
2014-03-01,TAS,Female,Remanded,3.0
2014-06-01,TAS,Female,Remanded,3.0
2014-09-01,TAS,Female,Remanded,4.0
2014-12-01,TAS,Female,Remanded,6.0
2015-03-01,TAS,Female,Remanded,8.0
2015-06-01,TAS,Female,Remanded,9.0
2015-09-01,TAS,Female,Remanded,14.0
2015-12-01,TAS,Female,Remanded,24.0
2016-03-01,TAS,Female,Remanded,13.0
2016-06-01,TAS,Female,Remanded,22.0
2016-09-01,TAS,Female,Remanded,12.0
2016-12-01,TAS,Female,Remanded,9.0
2005-03-01,TAS,Female,Sentenced,21.0
2005-06-01,TAS,Female,Sentenced,17.0
2005-09-01,TAS,Female,Sentenced,18.0
2005-12-01,TAS,Female,Sentenced,22.0
2006-03-01,TAS,Female,Sentenced,27.0
2006-06-01,TAS,Female,Sentenced,27.0
2006-09-01,TAS,Female,Sentenced,29.0
2006-12-01,TAS,Female,Sentenced,32.0
2007-03-01,TAS,Female,Sentenced,26.0
2007-06-01,TAS,Female,Sentenced,22.0
2007-09-01,TAS,Female,Sentenced,17.0
2007-12-01,TAS,Female,Sentenced,28.0
2008-03-01,TAS,Female,Sentenced,25.0
2008-06-01,TAS,Female,Sentenced,33.0
2008-09-01,TAS,Female,Sentenced,33.0
2008-12-01,TAS,Female,Sentenced,28.0
2009-03-01,TAS,Female,Sentenced,25.0
2009-06-01,TAS,Female,Sentenced,21.0
2009-09-01,TAS,Female,Sentenced,34.0
2009-12-01,TAS,Female,Sentenced,33.0
2010-03-01,TAS,Female,Sentenced,22.0
2010-06-01,TAS,Female,Sentenced,30.0
2010-09-01,TAS,Female,Sentenced,24.0
2010-12-01,TAS,Female,Sentenced,29.0
2011-03-01,TAS,Female,Sentenced,23.0
2011-06-01,TAS,Female,Sentenced,36.0
2011-09-01,TAS,Female,Sentenced,32.0
2011-12-01,TAS,Female,Sentenced,26.0
2012-03-01,TAS,Female,Sentenced,24.0
2012-06-01,TAS,Female,Sentenced,28.0
2012-09-01,TAS,Female,Sentenced,39.0
2012-12-01,TAS,Female,Sentenced,39.0
2013-03-01,TAS,Female,Sentenced,35.0
2013-06-01,TAS,Female,Sentenced,28.0
2013-09-01,TAS,Female,Sentenced,21.0
2013-12-01,TAS,Female,Sentenced,26.0
2014-03-01,TAS,Female,Sentenced,22.0
2014-06-01,TAS,Female,Sentenced,24.0
2014-09-01,TAS,Female,Sentenced,34.0
2014-12-01,TAS,Female,Sentenced,25.0
2015-03-01,TAS,Female,Sentenced,16.0
2015-06-01,TAS,Female,Sentenced,21.0
2015-09-01,TAS,Female,Sentenced,20.0
2015-12-01,TAS,Female,Sentenced,33.0
2016-03-01,TAS,Female,Sentenced,30.0
2016-06-01,TAS,Female,Sentenced,33.0
2016-09-01,TAS,Female,Sentenced,44.0
2016-12-01,TAS,Female,Sentenced,42.0
2005-03-01,TAS,Male,Remanded,100.0
2005-06-01,TAS,Male,Remanded,111.0
2005-09-01,TAS,Male,Remanded,110.0
2005-12-01,TAS,Male,Remanded,96.0
2006-03-01,TAS,Male,Remanded,86.0
2006-06-01,TAS,Male,Remanded,102.0
2006-09-01,TAS,Male,Remanded,120.0
2006-12-01,TAS,Male,Remanded,92.0
2007-03-01,TAS,Male,Remanded,95.0
2007-06-01,TAS,Male,Remanded,105.0
2007-09-01,TAS,Male,Remanded,108.0
2007-12-01,TAS,Male,Remanded,97.0
2008-03-01,TAS,Male,Remanded,113.0
2008-06-01,TAS,Male,Remanded,111.0
2008-09-01,TAS,Male,Remanded,109.0
2008-12-01,TAS,Male,Remanded,94.0
2009-03-01,TAS,Male,Remanded,95.0
2009-06-01,TAS,Male,Remanded,116.0
2009-09-01,TAS,Male,Remanded,104.0
2009-12-01,TAS,Male,Remanded,91.0
2010-03-01,TAS,Male,Remanded,89.0
2010-06-01,TAS,Male,Remanded,94.0
2010-09-01,TAS,Male,Remanded,113.0
2010-12-01,TAS,Male,Remanded,88.0
2011-03-01,TAS,Male,Remanded,79.0
2011-06-01,TAS,Male,Remanded,85.0
2011-09-01,TAS,Male,Remanded,109.0
2011-12-01,TAS,Male,Remanded,104.0
2012-03-01,TAS,Male,Remanded,97.0
2012-06-01,TAS,Male,Remanded,99.0
2012-09-01,TAS,Male,Remanded,77.0
2012-12-01,TAS,Male,Remanded,92.0
2013-03-01,TAS,Male,Remanded,74.0
2013-06-01,TAS,Male,Remanded,91.0
2013-09-01,TAS,Male,Remanded,92.0
2013-12-01,TAS,Male,Remanded,76.0
2014-03-01,TAS,Male,Remanded,81.0
2014-06-01,TAS,Male,Remanded,105.0
2014-09-01,TAS,Male,Remanded,95.0
2014-12-01,TAS,Male,Remanded,89.0
2015-03-01,TAS,Male,Remanded,106.0
2015-06-01,TAS,Male,Remanded,109.0
2015-09-01,TAS,Male,Remanded,127.0
2015-12-01,TAS,Male,Remanded,136.0
2016-03-01,TAS,Male,Remanded,142.0
2016-06-01,TAS,Male,Remanded,124.0
2016-09-01,TAS,Male,Remanded,135.0
2016-12-01,TAS,Male,Remanded,151.0
2005-03-01,TAS,Male,Sentenced,389.0
2005-06-01,TAS,Male,Sentenced,407.0
2005-09-01,TAS,Male,Sentenced,389.0
2005-12-01,TAS,Male,Sentenced,369.0
2006-03-01,TAS,Male,Sentenced,339.0
2006-06-01,TAS,Male,Sentenced,345.0
2006-09-01,TAS,Male,Sentenced,387.0
2006-12-01,TAS,Male,Sentenced,425.0
2007-03-01,TAS,Male,Sentenced,362.0
2007-06-01,TAS,Male,Sentenced,396.0
2007-09-01,TAS,Male,Sentenced,379.0
2007-12-01,TAS,Male,Sentenced,429.0
2008-03-01,TAS,Male,Sentenced,361.0
2008-06-01,TAS,Male,Sentenced,402.0
2008-09-01,TAS,Male,Sentenced,375.0
2008-12-01,TAS,Male,Sentenced,394.0
2009-03-01,TAS,Male,Sentenced,384.0
2009-06-01,TAS,Male,Sentenced,380.0
2009-09-01,TAS,Male,Sentenced,376.0
2009-12-01,TAS,Male,Sentenced,365.0
2010-03-01,TAS,Male,Sentenced,320.0
2010-06-01,TAS,Male,Sentenced,358.0
2010-09-01,TAS,Male,Sentenced,354.0
2010-12-01,TAS,Male,Sentenced,363.0
2011-03-01,TAS,Male,Sentenced,347.0
2011-06-01,TAS,Male,Sentenced,354.0
2011-09-01,TAS,Male,Sentenced,403.0
2011-12-01,TAS,Male,Sentenced,386.0
2012-03-01,TAS,Male,Sentenced,344.0
2012-06-01,TAS,Male,Sentenced,371.0
2012-09-01,TAS,Male,Sentenced,381.0
2012-12-01,TAS,Male,Sentenced,353.0
2013-03-01,TAS,Male,Sentenced,359.0
2013-06-01,TAS,Male,Sentenced,331.0
2013-09-01,TAS,Male,Sentenced,363.0
2013-12-01,TAS,Male,Sentenced,373.0
2014-03-01,TAS,Male,Sentenced,359.0
2014-06-01,TAS,Male,Sentenced,350.0
2014-09-01,TAS,Male,Sentenced,322.0
2014-12-01,TAS,Male,Sentenced,335.0
2015-03-01,TAS,Male,Sentenced,338.0
2015-06-01,TAS,Male,Sentenced,374.0
2015-09-01,TAS,Male,Sentenced,333.0
2015-12-01,TAS,Male,Sentenced,360.0
2016-03-01,TAS,Male,Sentenced,329.0
2016-06-01,TAS,Male,Sentenced,406.0
2016-09-01,TAS,Male,Sentenced,380.0
2016-12-01,TAS,Male,Sentenced,407.0
2005-03-01,VIC,Female,Remanded,45.0
2005-06-01,VIC,Female,Remanded,58.0
2005-09-01,VIC,Female,Remanded,87.0
2005-12-01,VIC,Female,Remanded,50.0
2006-03-01,VIC,Female,Remanded,56.0
2006-06-01,VIC,Female,Remanded,42.0
2006-09-01,VIC,Female,Remanded,48.0
2006-12-01,VIC,Female,Remanded,44.0
2007-03-01,VIC,Female,Remanded,49.0
2007-06-01,VIC,Female,Remanded,45.0
2007-09-01,VIC,Female,Remanded,86.0
2007-12-01,VIC,Female,Remanded,12.0
2008-03-01,VIC,Female,Remanded,76.0
2008-06-01,VIC,Female,Remanded,59.0
2008-09-01,VIC,Female,Remanded,59.0
2008-12-01,VIC,Female,Remanded,51.0
2009-03-01,VIC,Female,Remanded,65.0
2009-06-01,VIC,Female,Remanded,82.0
2009-09-01,VIC,Female,Remanded,71.0
2009-12-01,VIC,Female,Remanded,82.0
2010-03-01,VIC,Female,Remanded,62.0
2010-06-01,VIC,Female,Remanded,69.0
2010-09-01,VIC,Female,Remanded,41.0
2010-12-01,VIC,Female,Remanded,53.0
2011-03-01,VIC,Female,Remanded,47.0
2011-06-01,VIC,Female,Remanded,71.0
2011-09-01,VIC,Female,Remanded,77.0
2011-12-01,VIC,Female,Remanded,43.0
2012-03-01,VIC,Female,Remanded,73.0
2012-06-01,VIC,Female,Remanded,73.0
2012-09-01,VIC,Female,Remanded,66.0
2012-12-01,VIC,Female,Remanded,84.0
2013-03-01,VIC,Female,Remanded,87.0
2013-06-01,VIC,Female,Remanded,89.0
2013-09-01,VIC,Female,Remanded,113.0
2013-12-01,VIC,Female,Remanded,116.0
2014-03-01,VIC,Female,Remanded,109.0
2014-06-01,VIC,Female,Remanded,102.0
2014-09-01,VIC,Female,Remanded,127.0
2014-12-01,VIC,Female,Remanded,115.0
2015-03-01,VIC,Female,Remanded,159.0
2015-06-01,VIC,Female,Remanded,112.0
2015-09-01,VIC,Female,Remanded,150.0
2015-12-01,VIC,Female,Remanded,153.0
2016-03-01,VIC,Female,Remanded,171.0
2016-06-01,VIC,Female,Remanded,153.0
2016-09-01,VIC,Female,Remanded,135.0
2016-12-01,VIC,Female,Remanded,147.0
2005-03-01,VIC,Female,Sentenced,173.0
2005-06-01,VIC,Female,Sentenced,204.0
2005-09-01,VIC,Female,Sentenced,197.0
2005-12-01,VIC,Female,Sentenced,167.0
2006-03-01,VIC,Female,Sentenced,163.0
2006-06-01,VIC,Female,Sentenced,142.0
2006-09-01,VIC,Female,Sentenced,220.0
2006-12-01,VIC,Female,Sentenced,207.0
2007-03-01,VIC,Female,Sentenced,201.0
2007-06-01,VIC,Female,Sentenced,185.0
2007-09-01,VIC,Female,Sentenced,159.0
2007-12-01,VIC,Female,Sentenced,218.0
2008-03-01,VIC,Female,Sentenced,128.0
2008-06-01,VIC,Female,Sentenced,147.0
2008-09-01,VIC,Female,Sentenced,166.0
2008-12-01,VIC,Female,Sentenced,186.0
2009-03-01,VIC,Female,Sentenced,113.0
2009-06-01,VIC,Female,Sentenced,199.0
2009-09-01,VIC,Female,Sentenced,219.0
2009-12-01,VIC,Female,Sentenced,218.0
2010-03-01,VIC,Female,Sentenced,273.0
2010-06-01,VIC,Female,Sentenced,273.0
2010-09-01,VIC,Female,Sentenced,242.0
2010-12-01,VIC,Female,Sentenced,238.0
2011-03-01,VIC,Female,Sentenced,269.0
2011-06-01,VIC,Female,Sentenced,287.0
2011-09-01,VIC,Female,Sentenced,253.0
2011-12-01,VIC,Female,Sentenced,216.0
2012-03-01,VIC,Female,Sentenced,262.0
2012-06-01,VIC,Female,Sentenced,214.0
2012-09-01,VIC,Female,Sentenced,269.0
2012-12-01,VIC,Female,Sentenced,291.0
2013-03-01,VIC,Female,Sentenced,281.0
2013-06-01,VIC,Female,Sentenced,250.0
2013-09-01,VIC,Female,Sentenced,331.0
2013-12-01,VIC,Female,Sentenced,272.0
2014-03-01,VIC,Female,Sentenced,309.0
2014-06-01,VIC,Female,Sentenced,308.0
2014-09-01,VIC,Female,Sentenced,303.0
2014-12-01,VIC,Female,Sentenced,283.0
2015-03-01,VIC,Female,Sentenced,315.0
2015-06-01,VIC,Female,Sentenced,257.0
2015-09-01,VIC,Female,Sentenced,350.0
2015-12-01,VIC,Female,Sentenced,290.0
2016-03-01,VIC,Female,Sentenced,298.0
2016-06-01,VIC,Female,Sentenced,221.0
2016-09-01,VIC,Female,Sentenced,292.0
2016-12-01,VIC,Female,Sentenced,297.0
2005-03-01,VIC,Male,Remanded,689.0
2005-06-01,VIC,Male,Remanded,411.0
2005-09-01,VIC,Male,Remanded,286.0
2005-12-01,VIC,Male,Remanded,304.0
2006-03-01,VIC,Male,Remanded,344.0
2006-06-01,VIC,Male,Remanded,218.0
2006-09-01,VIC,Male,Remanded,500.0
2006-12-01,VIC,Male,Remanded,639.0
2007-03-01,VIC,Male,Remanded,953.0
2007-06-01,VIC,Male,Remanded,750.0
2007-09-01,VIC,Male,Remanded,375.0
2007-12-01,VIC,Male,Remanded,733.0
2008-03-01,VIC,Male,Remanded,786.0
2008-06-01,VIC,Male,Remanded,955.0
2008-09-01,VIC,Male,Remanded,993.0
2008-12-01,VIC,Male,Remanded,841.0
2009-03-01,VIC,Male,Remanded,797.0
2009-06-01,VIC,Male,Remanded,676.0
2009-09-01,VIC,Male,Remanded,734.0
2009-12-01,VIC,Male,Remanded,696.0
2010-03-01,VIC,Male,Remanded,796.0
2010-06-01,VIC,Male,Remanded,871.0
2010-09-01,VIC,Male,Remanded,963.0
2010-12-01,VIC,Male,Remanded,806.0
2011-03-01,VIC,Male,Remanded,738.0
2011-06-01,VIC,Male,Remanded,791.0
2011-09-01,VIC,Male,Remanded,768.0
2011-12-01,VIC,Male,Remanded,641.0
2012-03-01,VIC,Male,Remanded,901.0
2012-06-01,VIC,Male,Remanded,624.0
2012-09-01,VIC,Male,Remanded,983.0
2012-12-01,VIC,Male,Remanded,1196.0
2013-03-01,VIC,Male,Remanded,1072.0
2013-06-01,VIC,Male,Remanded,758.0
2013-09-01,VIC,Male,Remanded,906.0
2013-12-01,VIC,Male,Remanded,893.0
2014-03-01,VIC,Male,Remanded,835.0
2014-06-01,VIC,Male,Remanded,1021.0
2014-09-01,VIC,Male,Remanded,1514.0
2014-12-01,VIC,Male,Remanded,1292.0
2015-03-01,VIC,Male,Remanded,1840.0
2015-06-01,VIC,Male,Remanded,1385.0
2015-09-01,VIC,Male,Remanded,1018.0
2015-12-01,VIC,Male,Remanded,1590.0
2016-03-01,VIC,Male,Remanded,1592.0
2016-06-01,VIC,Male,Remanded,1867.0
2016-09-01,VIC,Male,Remanded,1646.0
2016-12-01,VIC,Male,Remanded,1630.0
2005-03-01,VIC,Male,Sentenced,2750.0
2005-06-01,VIC,Male,Sentenced,2719.0
2005-09-01,VIC,Male,Sentenced,3160.0
2005-12-01,VIC,Male,Sentenced,2611.0
2006-03-01,VIC,Male,Sentenced,2894.0
2006-06-01,VIC,Male,Sentenced,3472.0
2006-09-01,VIC,Male,Sentenced,3017.0
2006-12-01,VIC,Male,Sentenced,3326.0
2007-03-01,VIC,Male,Sentenced,2589.0
2007-06-01,VIC,Male,Sentenced,3155.0
2007-09-01,VIC,Male,Sentenced,2939.0
2007-12-01,VIC,Male,Sentenced,2929.0
2008-03-01,VIC,Male,Sentenced,3099.0
2008-06-01,VIC,Male,Sentenced,3066.0
2008-09-01,VIC,Male,Sentenced,2832.0
2008-12-01,VIC,Male,Sentenced,3540.0
2009-03-01,VIC,Male,Sentenced,3569.0
2009-06-01,VIC,Male,Sentenced,3328.0
2009-09-01,VIC,Male,Sentenced,3369.0
2009-12-01,VIC,Male,Sentenced,3413.0
2010-03-01,VIC,Male,Sentenced,3147.0
2010-06-01,VIC,Male,Sentenced,3510.0
2010-09-01,VIC,Male,Sentenced,3696.0
2010-12-01,VIC,Male,Sentenced,2982.0
2011-03-01,VIC,Male,Sentenced,3365.0
2011-06-01,VIC,Male,Sentenced,3301.0
2011-09-01,VIC,Male,Sentenced,3691.0
2011-12-01,VIC,Male,Sentenced,4078.0
2012-03-01,VIC,Male,Sentenced,3245.0
2012-06-01,VIC,Male,Sentenced,3787.0
2012-09-01,VIC,Male,Sentenced,3352.0
2012-12-01,VIC,Male,Sentenced,3327.0
2013-03-01,VIC,Male,Sentenced,3947.0
2013-06-01,VIC,Male,Sentenced,3528.0
2013-09-01,VIC,Male,Sentenced,3764.0
2013-12-01,VIC,Male,Sentenced,4716.0
2014-03-01,VIC,Male,Sentenced,4201.0
2014-06-01,VIC,Male,Sentenced,4799.0
2014-09-01,VIC,Male,Sentenced,4949.0
2014-12-01,VIC,Male,Sentenced,4954.0
2015-03-01,VIC,Male,Sentenced,4953.0
2015-06-01,VIC,Male,Sentenced,4442.0
2015-09-01,VIC,Male,Sentenced,4225.0
2015-12-01,VIC,Male,Sentenced,4364.0
2016-03-01,VIC,Male,Sentenced,4201.0
2016-06-01,VIC,Male,Sentenced,4634.0
2016-09-01,VIC,Male,Sentenced,4733.0
2016-12-01,VIC,Male,Sentenced,4686.0
2005-03-01,WA,Female,Remanded,62.0
2005-06-01,WA,Female,Remanded,45.0
2005-09-01,WA,Female,Remanded,18.0
2005-12-01,WA,Female,Remanded,34.0
2006-03-01,WA,Female,Remanded,26.0
2006-06-01,WA,Female,Remanded,48.0
2006-09-01,WA,Female,Remanded,47.0
2006-12-01,WA,Female,Remanded,43.0
2007-03-01,WA,Female,Remanded,68.0
2007-06-01,WA,Female,Remanded,77.0
2007-09-01,WA,Female,Remanded,93.0
2007-12-01,WA,Female,Remanded,41.0
2008-03-01,WA,Female,Remanded,90.0
2008-06-01,WA,Female,Remanded,78.0
2008-09-01,WA,Female,Remanded,78.0
2008-12-01,WA,Female,Remanded,94.0
2009-03-01,WA,Female,Remanded,108.0
2009-06-01,WA,Female,Remanded,93.0
2009-09-01,WA,Female,Remanded,68.0
2009-12-01,WA,Female,Remanded,60.0
2010-03-01,WA,Female,Remanded,18.0
2010-06-01,WA,Female,Remanded,97.0
2010-09-01,WA,Female,Remanded,74.0
2010-12-01,WA,Female,Remanded,57.0
2011-03-01,WA,Female,Remanded,64.0
2011-06-01,WA,Female,Remanded,90.0
2011-09-01,WA,Female,Remanded,65.0
2011-12-01,WA,Female,Remanded,102.0
2012-03-01,WA,Female,Remanded,59.0
2012-06-01,WA,Female,Remanded,70.0
2012-09-01,WA,Female,Remanded,97.0
2012-12-01,WA,Female,Remanded,120.0
2013-03-01,WA,Female,Remanded,111.0
2013-06-01,WA,Female,Remanded,134.0
2013-09-01,WA,Female,Remanded,134.0
2013-12-01,WA,Female,Remanded,75.0
2014-03-01,WA,Female,Remanded,135.0
2014-06-01,WA,Female,Remanded,155.0
2014-09-01,WA,Female,Remanded,108.0
2014-12-01,WA,Female,Remanded,168.0
2015-03-01,WA,Female,Remanded,190.0
2015-06-01,WA,Female,Remanded,160.0
2015-09-01,WA,Female,Remanded,122.0
2015-12-01,WA,Female,Remanded,148.0
2016-03-01,WA,Female,Remanded,178.0
2016-06-01,WA,Female,Remanded,180.0
2016-09-01,WA,Female,Remanded,242.0
2016-12-01,WA,Female,Remanded,226.0
2005-03-01,WA,Female,Sentenced,180.0
2005-06-01,WA,Female,Sentenced,202.0
2005-09-01,WA,Female,Sentenced,252.0
2005-12-01,WA,Female,Sentenced,260.0
2006-03-01,WA,Female,Sentenced,241.0
2006-06-01,WA,Female,Sentenced,249.0
2006-09-01,WA,Female,Sentenced,205.0
2006-12-01,WA,Female,Sentenced,246.0
2007-03-01,WA,Female,Sentenced,186.0
2007-06-01,WA,Female,Sentenced,289.0
2007-09-01,WA,Female,Sentenced,224.0
2007-12-01,WA,Female,Sentenced,286.0
2008-03-01,WA,Female,Sentenced,234.0
2008-06-01,WA,Female,Sentenced,141.0
2008-09-01,WA,Female,Sentenced,224.0
2008-12-01,WA,Female,Sentenced,200.0
2009-03-01,WA,Female,Sentenced,248.0
2009-06-01,WA,Female,Sentenced,268.0
2009-09-01,WA,Female,Sentenced,265.0
2009-12-01,WA,Female,Sentenced,265.0
2010-03-01,WA,Female,Sentenced,292.0
2010-06-01,WA,Female,Sentenced,331.0
2010-09-01,WA,Female,Sentenced,358.0
2010-12-01,WA,Female,Sentenced,299.0
2011-03-01,WA,Female,Sentenced,289.0
2011-06-01,WA,Female,Sentenced,356.0
2011-09-01,WA,Female,Sentenced,341.0
2011-12-01,WA,Female,Sentenced,335.0
2012-03-01,WA,Female,Sentenced,308.0
2012-06-01,WA,Female,Sentenced,296.0
2012-09-01,WA,Female,Sentenced,317.0
2012-12-01,WA,Female,Sentenced,344.0
2013-03-01,WA,Female,Sentenced,393.0
2013-06-01,WA,Female,Sentenced,319.0
2013-09-01,WA,Female,Sentenced,364.0
2013-12-01,WA,Female,Sentenced,364.0
2014-03-01,WA,Female,Sentenced,322.0
2014-06-01,WA,Female,Sentenced,299.0
2014-09-01,WA,Female,Sentenced,284.0
2014-12-01,WA,Female,Sentenced,314.0
2015-03-01,WA,Female,Sentenced,399.0
2015-06-01,WA,Female,Sentenced,352.0
2015-09-01,WA,Female,Sentenced,421.0
2015-12-01,WA,Female,Sentenced,305.0
2016-03-01,WA,Female,Sentenced,343.0
2016-06-01,WA,Female,Sentenced,408.0
2016-09-01,WA,Female,Sentenced,322.0
2016-12-01,WA,Female,Sentenced,387.0
2005-03-01,WA,Male,Remanded,397.0
2005-06-01,WA,Male,Remanded,642.0
2005-09-01,WA,Male,Remanded,412.0
2005-12-01,WA,Male,Remanded,428.0
2006-03-01,WA,Male,Remanded,572.0
2006-06-01,WA,Male,Remanded,711.0
2006-09-01,WA,Male,Remanded,690.0
2006-12-01,WA,Male,Remanded,485.0
2007-03-01,WA,Male,Remanded,606.0
2007-06-01,WA,Male,Remanded,733.0
2007-09-01,WA,Male,Remanded,633.0
2007-12-01,WA,Male,Remanded,657.0
2008-03-01,WA,Male,Remanded,675.0
2008-06-01,WA,Male,Remanded,774.0
2008-09-01,WA,Male,Remanded,691.0
2008-12-01,WA,Male,Remanded,910.0
2009-03-01,WA,Male,Remanded,627.0
2009-06-01,WA,Male,Remanded,456.0
2009-09-01,WA,Male,Remanded,627.0
2009-12-01,WA,Male,Remanded,591.0
2010-03-01,WA,Male,Remanded,568.0
2010-06-01,WA,Male,Remanded,709.0
2010-09-01,WA,Male,Remanded,710.0
2010-12-01,WA,Male,Remanded,976.0
2011-03-01,WA,Male,Remanded,796.0
2011-06-01,WA,Male,Remanded,779.0
2011-09-01,WA,Male,Remanded,1192.0
2011-12-01,WA,Male,Remanded,563.0
2012-03-01,WA,Male,Remanded,587.0
2012-06-01,WA,Male,Remanded,959.0
2012-09-01,WA,Male,Remanded,973.0
2012-12-01,WA,Male,Remanded,983.0
2013-03-01,WA,Male,Remanded,697.0
2013-06-01,WA,Male,Remanded,933.0
2013-09-01,WA,Male,Remanded,797.0
2013-12-01,WA,Male,Remanded,842.0
2014-03-01,WA,Male,Remanded,815.0
2014-06-01,WA,Male,Remanded,894.0
2014-09-01,WA,Male,Remanded,879.0
2014-12-01,WA,Male,Remanded,1145.0
2015-03-01,WA,Male,Remanded,894.0
2015-06-01,WA,Male,Remanded,1280.0
2015-09-01,WA,Male,Remanded,1339.0
2015-12-01,WA,Male,Remanded,1244.0
2016-03-01,WA,Male,Remanded,1261.0
2016-06-01,WA,Male,Remanded,1545.0
2016-09-01,WA,Male,Remanded,1858.0
2016-12-01,WA,Male,Remanded,1729.0
2005-03-01,WA,Male,Sentenced,2390.0
2005-06-01,WA,Male,Sentenced,2537.0
2005-09-01,WA,Male,Sentenced,2615.0
2005-12-01,WA,Male,Sentenced,3065.0
2006-03-01,WA,Male,Sentenced,2662.0
2006-06-01,WA,Male,Sentenced,2552.0
2006-09-01,WA,Male,Sentenced,2717.0
2006-12-01,WA,Male,Sentenced,2607.0
2007-03-01,WA,Male,Sentenced,2884.0
2007-06-01,WA,Male,Sentenced,2684.0
2007-09-01,WA,Male,Sentenced,3019.0
2007-12-01,WA,Male,Sentenced,3119.0
2008-03-01,WA,Male,Sentenced,2841.0
2008-06-01,WA,Male,Sentenced,2333.0
2008-09-01,WA,Male,Sentenced,2821.0
2008-12-01,WA,Male,Sentenced,3123.0
2009-03-01,WA,Male,Sentenced,2955.0
2009-06-01,WA,Male,Sentenced,3394.0
2009-09-01,WA,Male,Sentenced,3565.0
2009-12-01,WA,Male,Sentenced,3812.0
2010-03-01,WA,Male,Sentenced,3540.0
2010-06-01,WA,Male,Sentenced,3663.0
2010-09-01,WA,Male,Sentenced,3531.0
2010-12-01,WA,Male,Sentenced,3539.0
2011-03-01,WA,Male,Sentenced,3392.0
2011-06-01,WA,Male,Sentenced,3228.0
2011-09-01,WA,Male,Sentenced,3677.0
2011-12-01,WA,Male,Sentenced,3367.0
2012-03-01,WA,Male,Sentenced,3765.0
2012-06-01,WA,Male,Sentenced,3653.0
2012-09-01,WA,Male,Sentenced,3911.0
2012-12-01,WA,Male,Sentenced,3431.0
2013-03-01,WA,Male,Sentenced,3484.0
2013-06-01,WA,Male,Sentenced,3531.0
2013-09-01,WA,Male,Sentenced,3511.0
2013-12-01,WA,Male,Sentenced,3545.0
2014-03-01,WA,Male,Sentenced,3659.0
2014-06-01,WA,Male,Sentenced,3506.0
2014-09-01,WA,Male,Sentenced,4292.0
2014-12-01,WA,Male,Sentenced,4128.0
2015-03-01,WA,Male,Sentenced,3592.0
2015-06-01,WA,Male,Sentenced,3748.0
2015-09-01,WA,Male,Sentenced,3907.0
2015-12-01,WA,Male,Sentenced,4072.0
2016-03-01,WA,Male,Sentenced,3748.0
2016-06-01,WA,Male,Sentenced,3757.0
2016-09-01,WA,Male,Sentenced,4215.0
2016-12-01,WA,Male,Sentenced,4212.0
